USE [master]
GO
/****** Object:  Database [SchoolDB]    Script Date: 25-11-2022 12:15:41 ******/
CREATE DATABASE [SchoolDB]
 CONTAINMENT = NONE
 ON  PRIMARY 
( NAME = N'SchoolDB', FILENAME = N'C:\Program Files\Microsoft SQL Server\MSSQL15.MSSQLSERVER\MSSQL\DATA\SchoolDB.mdf' , SIZE = 8192KB , MAXSIZE = UNLIMITED, FILEGROWTH = 65536KB )
 LOG ON 
( NAME = N'SchoolDB_log', FILENAME = N'C:\Program Files\Microsoft SQL Server\MSSQL15.MSSQLSERVER\MSSQL\DATA\SchoolDB_log.ldf' , SIZE = 8192KB , MAXSIZE = 2048GB , FILEGROWTH = 65536KB )
 WITH CATALOG_COLLATION = DATABASE_DEFAULT
GO
ALTER DATABASE [SchoolDB] SET COMPATIBILITY_LEVEL = 150
GO
IF (1 = FULLTEXTSERVICEPROPERTY('IsFullTextInstalled'))
begin
EXEC [SchoolDB].[dbo].[sp_fulltext_database] @action = 'enable'
end
GO
ALTER DATABASE [SchoolDB] SET ANSI_NULL_DEFAULT OFF 
GO
ALTER DATABASE [SchoolDB] SET ANSI_NULLS OFF 
GO
ALTER DATABASE [SchoolDB] SET ANSI_PADDING OFF 
GO
ALTER DATABASE [SchoolDB] SET ANSI_WARNINGS OFF 
GO
ALTER DATABASE [SchoolDB] SET ARITHABORT OFF 
GO
ALTER DATABASE [SchoolDB] SET AUTO_CLOSE OFF 
GO
ALTER DATABASE [SchoolDB] SET AUTO_SHRINK OFF 
GO
ALTER DATABASE [SchoolDB] SET AUTO_UPDATE_STATISTICS ON 
GO
ALTER DATABASE [SchoolDB] SET CURSOR_CLOSE_ON_COMMIT OFF 
GO
ALTER DATABASE [SchoolDB] SET CURSOR_DEFAULT  GLOBAL 
GO
ALTER DATABASE [SchoolDB] SET CONCAT_NULL_YIELDS_NULL OFF 
GO
ALTER DATABASE [SchoolDB] SET NUMERIC_ROUNDABORT OFF 
GO
ALTER DATABASE [SchoolDB] SET QUOTED_IDENTIFIER OFF 
GO
ALTER DATABASE [SchoolDB] SET RECURSIVE_TRIGGERS OFF 
GO
ALTER DATABASE [SchoolDB] SET  DISABLE_BROKER 
GO
ALTER DATABASE [SchoolDB] SET AUTO_UPDATE_STATISTICS_ASYNC OFF 
GO
ALTER DATABASE [SchoolDB] SET DATE_CORRELATION_OPTIMIZATION OFF 
GO
ALTER DATABASE [SchoolDB] SET TRUSTWORTHY OFF 
GO
ALTER DATABASE [SchoolDB] SET ALLOW_SNAPSHOT_ISOLATION OFF 
GO
ALTER DATABASE [SchoolDB] SET PARAMETERIZATION SIMPLE 
GO
ALTER DATABASE [SchoolDB] SET READ_COMMITTED_SNAPSHOT OFF 
GO
ALTER DATABASE [SchoolDB] SET HONOR_BROKER_PRIORITY OFF 
GO
ALTER DATABASE [SchoolDB] SET RECOVERY FULL 
GO
ALTER DATABASE [SchoolDB] SET  MULTI_USER 
GO
ALTER DATABASE [SchoolDB] SET PAGE_VERIFY CHECKSUM  
GO
ALTER DATABASE [SchoolDB] SET DB_CHAINING OFF 
GO
ALTER DATABASE [SchoolDB] SET FILESTREAM( NON_TRANSACTED_ACCESS = OFF ) 
GO
ALTER DATABASE [SchoolDB] SET TARGET_RECOVERY_TIME = 60 SECONDS 
GO
ALTER DATABASE [SchoolDB] SET DELAYED_DURABILITY = DISABLED 
GO
ALTER DATABASE [SchoolDB] SET ACCELERATED_DATABASE_RECOVERY = OFF  
GO
EXEC sys.sp_db_vardecimal_storage_format N'SchoolDB', N'ON'
GO
ALTER DATABASE [SchoolDB] SET QUERY_STORE = OFF
GO
USE [SchoolDB]
GO
/****** Object:  Table [dbo].[__MigrationHistory]    Script Date: 25-11-2022 12:15:42 ******/
SET ANSI_NULLS ON
GO
SET QUOTED_IDENTIFIER ON
GO
CREATE TABLE [dbo].[__MigrationHistory](
	[MigrationId] [nvarchar](150) NOT NULL,
	[ContextKey] [nvarchar](300) NOT NULL,
	[Model] [varbinary](max) NOT NULL,
	[ProductVersion] [nvarchar](32) NOT NULL,
 CONSTRAINT [PK_dbo.__MigrationHistory] PRIMARY KEY CLUSTERED 
(
	[MigrationId] ASC,
	[ContextKey] ASC
)WITH (PAD_INDEX = OFF, STATISTICS_NORECOMPUTE = OFF, IGNORE_DUP_KEY = OFF, ALLOW_ROW_LOCKS = ON, ALLOW_PAGE_LOCKS = ON, OPTIMIZE_FOR_SEQUENTIAL_KEY = OFF) ON [PRIMARY]
) ON [PRIMARY] TEXTIMAGE_ON [PRIMARY]
GO
/****** Object:  Table [dbo].[DropDown]    Script Date: 25-11-2022 12:15:42 ******/
SET ANSI_NULLS ON
GO
SET QUOTED_IDENTIFIER ON
GO
CREATE TABLE [dbo].[DropDown](
	[DropDownID] [int] IDENTITY(1,1) NOT NULL,
	[Category] [nvarchar](max) NULL,
	[Text] [nvarchar](max) NULL,
	[Value] [int] NOT NULL,
	[Info] [nvarchar](max) NULL,
	[StartDate] [datetime] NULL,
	[EndDate] [datetime] NULL,
 CONSTRAINT [PK_dbo.DropDown] PRIMARY KEY CLUSTERED 
(
	[DropDownID] ASC
)WITH (PAD_INDEX = OFF, STATISTICS_NORECOMPUTE = OFF, IGNORE_DUP_KEY = OFF, ALLOW_ROW_LOCKS = ON, ALLOW_PAGE_LOCKS = ON, OPTIMIZE_FOR_SEQUENTIAL_KEY = OFF) ON [PRIMARY]
) ON [PRIMARY] TEXTIMAGE_ON [PRIMARY]
GO
/****** Object:  Table [dbo].[Roles]    Script Date: 25-11-2022 12:15:42 ******/
SET ANSI_NULLS ON
GO
SET QUOTED_IDENTIFIER ON
GO
CREATE TABLE [dbo].[Roles](
	[RoleID] [int] IDENTITY(1,1) NOT NULL,
	[Rolename] [nvarchar](max) NULL,
 CONSTRAINT [PK_dbo.Roles] PRIMARY KEY CLUSTERED 
(
	[RoleID] ASC
)WITH (PAD_INDEX = OFF, STATISTICS_NORECOMPUTE = OFF, IGNORE_DUP_KEY = OFF, ALLOW_ROW_LOCKS = ON, ALLOW_PAGE_LOCKS = ON, OPTIMIZE_FOR_SEQUENTIAL_KEY = OFF) ON [PRIMARY]
) ON [PRIMARY] TEXTIMAGE_ON [PRIMARY]
GO
/****** Object:  Table [dbo].[SessionExam]    Script Date: 25-11-2022 12:15:42 ******/
SET ANSI_NULLS ON
GO
SET QUOTED_IDENTIFIER ON
GO
CREATE TABLE [dbo].[SessionExam](
	[ID] [int] IDENTITY(1,1) NOT NULL,
	[ExamTypeID] [int] NOT NULL,
	[SessionID] [int] NOT NULL,
	[ClassID] [int] NOT NULL,
	[SubjectID] [int] NOT NULL,
	[TotalMarks] [int] NOT NULL,
	[CreatedOn] [datetime] NOT NULL,
	[UpdatedOn] [datetime] NULL,
	[CreatedBy] [int] NOT NULL,
	[UpdatedBy] [int] NOT NULL,
	[SessionName] [nvarchar](max) NULL,
	[ClassName] [nvarchar](max) NULL,
	[SubjectName] [nvarchar](max) NULL,
 CONSTRAINT [PK_dbo.SessionExam] PRIMARY KEY CLUSTERED 
(
	[ID] ASC
)WITH (PAD_INDEX = OFF, STATISTICS_NORECOMPUTE = OFF, IGNORE_DUP_KEY = OFF, ALLOW_ROW_LOCKS = ON, ALLOW_PAGE_LOCKS = ON, OPTIMIZE_FOR_SEQUENTIAL_KEY = OFF) ON [PRIMARY]
) ON [PRIMARY] TEXTIMAGE_ON [PRIMARY]
GO
/****** Object:  Table [dbo].[StudentExamPerformance]    Script Date: 25-11-2022 12:15:42 ******/
SET ANSI_NULLS ON
GO
SET QUOTED_IDENTIFIER ON
GO
CREATE TABLE [dbo].[StudentExamPerformance](
	[ID] [int] IDENTITY(1,1) NOT NULL,
	[SessionExamID] [int] NOT NULL,
	[RegistrationID] [int] NOT NULL,
	[StudentName] [nvarchar](max) NULL,
	[MarksAcquired] [int] NOT NULL,
	[MarksAcquiredOnCreation] [int] NOT NULL,
	[CreatedOn] [datetime] NOT NULL,
	[UpdatedOn] [datetime] NULL,
	[CreatedBy] [int] NOT NULL,
	[UpdatedBy] [int] NOT NULL,
	[TotalMarks] [int] NOT NULL,
 CONSTRAINT [PK_dbo.StudentExamPerformance] PRIMARY KEY CLUSTERED 
(
	[ID] ASC
)WITH (PAD_INDEX = OFF, STATISTICS_NORECOMPUTE = OFF, IGNORE_DUP_KEY = OFF, ALLOW_ROW_LOCKS = ON, ALLOW_PAGE_LOCKS = ON, OPTIMIZE_FOR_SEQUENTIAL_KEY = OFF) ON [PRIMARY]
) ON [PRIMARY] TEXTIMAGE_ON [PRIMARY]
GO
/****** Object:  Table [dbo].[Tbl_StudentSessionDetails]    Script Date: 25-11-2022 12:15:42 ******/
SET ANSI_NULLS ON
GO
SET QUOTED_IDENTIFIER ON
GO
CREATE TABLE [dbo].[Tbl_StudentSessionDetails](
	[ID] [int] IDENTITY(1,1) NOT NULL,
	[RegistrationID] [int] NOT NULL,
	[Name] [nvarchar](max) NULL,
	[SessionID] [int] NOT NULL,
	[ClassID] [int] NOT NULL,
	[PromotionStatus] [int] NOT NULL,
	[IsBackDateUpdation] [int] NOT NULL,
	[RollNo] [int] NOT NULL,
	[UpdatedBy] [int] NULL,
	[CreatedDate] [datetime] NULL,
	[IsDeleted] [bit] NOT NULL,
 CONSTRAINT [PK_dbo.Tbl_StudentSessionDetails] PRIMARY KEY CLUSTERED 
(
	[ID] ASC
)WITH (PAD_INDEX = OFF, STATISTICS_NORECOMPUTE = OFF, IGNORE_DUP_KEY = OFF, ALLOW_ROW_LOCKS = ON, ALLOW_PAGE_LOCKS = ON, OPTIMIZE_FOR_SEQUENTIAL_KEY = OFF) ON [PRIMARY]
) ON [PRIMARY] TEXTIMAGE_ON [PRIMARY]
GO
/****** Object:  Table [dbo].[tbl_user]    Script Date: 25-11-2022 12:15:42 ******/
SET ANSI_NULLS ON
GO
SET QUOTED_IDENTIFIER ON
GO
CREATE TABLE [dbo].[tbl_user](
	[RegistrationID] [int] IDENTITY(1,1) NOT NULL,
	[Name] [nvarchar](max) NOT NULL,
	[Mobileno] [nvarchar](max) NULL,
	[EmailID] [nvarchar](max) NULL,
	[Username] [nvarchar](max) NULL,
	[Password] [nvarchar](max) NOT NULL,
	[Gender] [nvarchar](max) NOT NULL,
	[Birthdate] [datetime] NULL,
	[DateofJoining] [datetime] NULL,
	[Address] [nvarchar](max) NULL,
	[MotherName] [nvarchar](max) NULL,
	[FatherName] [nvarchar](max) NULL,
	[RoleID] [int] NULL,
	[StudentClassID] [int] NULL,
	[CreatedOn] [datetime] NOT NULL,
	[IsDleted] [bit] NOT NULL,
	[JoiningSessionID] [int] NOT NULL,
	[RegistrationNo] [nvarchar](max) NULL,
	[UpdatedOn] [datetime] NOT NULL,
	[CreatedBy] [int] NOT NULL,
	[UpdatedBy] [int] NOT NULL,
	[UserStatus] [int] NOT NULL,
	[UserStatusRemarks] [nvarchar](max) NULL,
 CONSTRAINT [PK_dbo.tbl_user] PRIMARY KEY CLUSTERED 
(
	[RegistrationID] ASC
)WITH (PAD_INDEX = OFF, STATISTICS_NORECOMPUTE = OFF, IGNORE_DUP_KEY = OFF, ALLOW_ROW_LOCKS = ON, ALLOW_PAGE_LOCKS = ON, OPTIMIZE_FOR_SEQUENTIAL_KEY = OFF) ON [PRIMARY]
) ON [PRIMARY] TEXTIMAGE_ON [PRIMARY]
GO
/****** Object:  Table [dbo].[Tbl_UserDocument]    Script Date: 25-11-2022 12:15:42 ******/
SET ANSI_NULLS ON
GO
SET QUOTED_IDENTIFIER ON
GO
CREATE TABLE [dbo].[Tbl_UserDocument](
	[DocumentID] [int] IDENTITY(1,1) NOT NULL,
	[DocumentPath] [nvarchar](max) NULL,
	[DocumentName] [nvarchar](max) NULL,
	[UserID] [int] NOT NULL,
	[DocumentType] [int] NOT NULL,
	[IsDeleted] [bit] NOT NULL,
	[CreatedOn] [datetime] NOT NULL,
 CONSTRAINT [PK_dbo.Tbl_UserDocument] PRIMARY KEY CLUSTERED 
(
	[DocumentID] ASC
)WITH (PAD_INDEX = OFF, STATISTICS_NORECOMPUTE = OFF, IGNORE_DUP_KEY = OFF, ALLOW_ROW_LOCKS = ON, ALLOW_PAGE_LOCKS = ON, OPTIMIZE_FOR_SEQUENTIAL_KEY = OFF) ON [PRIMARY]
) ON [PRIMARY] TEXTIMAGE_ON [PRIMARY]
GO
INSERT [dbo].[__MigrationHistory] ([MigrationId], [ContextKey], [Model], [ProductVersion]) VALUES (N'202210290742476_init', N'SchoolManagement.Concrete.Migrations.Configuration', 0x1F8B0800000000000400ED5CDD72DBB612BEEF4CDF81C3AB9E995474929B3623B7E34876C76D1D6722A7B71D8884649E90A00A82A9FD6CBDE823F515BAE02F4080220892AA7AE64C6EAC25F061B13F5800BBC85F7FFCB9FCFE298E9CCF98A661422EDD978B0BD7C1C44F8290EC2FDD8CEDBEFEC6FDFEBB2FBF585E07F193F34BD5EE356F073D497AE93E327678E379A9FF8863942EE2D0A7499AECD8C24F620F0589F7EAE2E25BEFE54B0F03840B588EB3FC901116C638FF013F5709F1F1816528BA4B021CA5251DBE6C7254E71D8A717A403EBE74819224D11D22688F634CD88277A69861D7B98A42040C6D70B4731D4448C2100376DF7C4CF186D184EC370720A0E8E1F980A1DD0E45292EA7F1A6696E3AA38B577C465ED3B182F2B39425F140C097AF4B1179EDEE5682766B118210AF41D8EC99CF3A17E4A5BB4EFC8CCB2E759DF6686F5611E52D35822E74B3A83BBF703A9ABCA80D05EC89FF7BE1ACB28865145F129C318AA217CEFB6C1B85FE4FF8F921F984C925C9A248E419B8866F120148EF6972C0943D7FC0BBD64C6ED7AEE3C9FDBD3640DD5DD3B798F22D61AF5FB9CE3B60066D235C9B88209E0D4B28FE01134C11C3C17BC418A6A0E1DB00E74256B8E818133A3E56A3826D82B7B9CE1D7AFA19933D7BBC74E14FD7B9099F7050514A4E3E92109C133A319A61D3C1F8AFD9070327A3FD92346398638C43BA4DD738824521A860DE82A162440603AD28E68ABE2715D01A7E3E845CA04791965EE375C77D11C65B27BF132B572CFB9E852796BC5879A2D0F7549EB8825EFB843ECFEE180FF889CD3EC82F28CAC6BA0CD925B3F3B9618832EE42AA3B1DEF784D82FE6EC64EF7011603ABE097773C0777E38CD8B85AD5EF546EC6C723D3C71F634D6F58C639DDE094EBA5B0F1E16A5751CEC1066CF47F52DDE37D98C28C39D6D8ADC149F630957E47F2BA8A509A8E05819F71C225074B26CBD2B1DBA1B7C8FFC417CD8F87A03C5598E3993B5BB6FD2FF6D97B4C77090507F3B195B32928FF77B67E67BB7E42311F6BACDD4DE40353FAFE24FE545AD55898075017D821FD34D22373882BFFB72CA4CD21C572A5C0D4071BA95747581BA3C98E270FDBE8D70C8E76368E5CF53D07F76DDBE3E07DD3207B9ECEAD278A7B43AD33D986B06F9BFF3C701DA3306AE439EBEDC40CDB508D33C252F57B4283D3EB0C6C2CE07E7AEA71DF86943D0616473ADE2ED9FD988424E77458E7AB20A010A966D7E75DC21E313DC9EEF3069D6C28ED29B0EFE49E1F81F4B1789E3B34EDB5DE24B77AA5D14DB5D749A2E85D724424C7A3ED2A210C8510201ABF405B94624ECFEF8E94C80BAB59197CD352DF327F05EE0633F5BEBF61A448942C846F5E0F4A794B07141D4E7D8FD903C36D4FD3BFBC92E9E9AC3BCE2B50BA467DB89A938B8AAB69D483DB6C9F14B4E693CE546AA36872615E910CAB92665E47D66C79870E07306E218B56529C4D91425B7DBD199E548A0B0CCF4F35B9A59ADB7A24D8F5C05EAFF51586064E6F429AB2CAC85D6715C44AB3B60B7408B91AAD6DE5EDED6023FBAA07FFBBD47C573E71D189D748F40626C99BE4F3C5355F4778C97B6F7C14217A241DB54AA22C267D292E13B422D1A4C32BBE0C472C02940EB1F8628E58A58C44AC8A369CAF2269A4E3ABF8628E28248F4438816C8E25C43E114B20AB584BAF655E6D7BF614836E9D66DA1E62E63FC2FA3E91075531C1C2813ABB76DA81904492ACA0333175546F757A48525B4D35472AF23F224A41314728933B2244491A60D3791494CC5913178F2108A91B1146209B63D5D91C11A9269E8D47E45B95695CA1D8DE0CF7838E7E5D82AD36F6A25CF5A9A23E14A22CF30DF56C14A4D9E94DA3AE7E6003DD998074FA6B4B890315D8BAAD92D478F426EC18AA1AF987467CE1C025AD210D79C00A5D9D44A505BA229AE3288916114FF9386417A1E65CE4ED84FAFD7C1C4B3DEA4CE458BDC0268E6500328F63895916297609F47FC61DE671F9A99C4CC8BE48336DC8033654420A46DA56097473B4562246046C7D1AB0A45419196929A98867E3E4F50DC434AEDD0567E0D0DD5DFF6D11AEC99C48965453072C35556A445A672AE2B053B6BA996BA803CCBACE6D48765D53CD91AA5C858853D1CC5184CC8308249007DC22C8C908E900297F32C7AC7314225A4D1C62534D6240B6AA866E8E26A6194434913EECA830FEC0D14E2EC8074CF9DBBC772F47EE84F45742836F84D4DC8388A87E1DA48B3C0FD1D2454E3B71D051AEB1DB4DEAD1EBEBECD6B5F5B2BC42EE7F11A2DC29174D5C07C4F3390CF87DF2E63965385EF0068BCD6FD12A0AF3485C35806816EE70CA8A1203F7D5C5C537ADD724E7F3B2C34BD320327DDE61512831ED8B8A908BB9B704C2F29980F888827C46D47F44F4AB183DFD4744B47D28310A507E0C910B6182A7103638CA43886D381C4449E0F2E8CAE678046163B0933E3C98C560DB6F0D46D996F89E601490F466C0CAB6841703A338515E05E8ECCBA89C487E25600633F0D58085894E53AC3F8B69B6EBF307E8714C0DBE8510C715E0CE233C6D51A08D2B4D16799492161B6E5A453E36101DE5EB7621ACAB78BD1F6D4CE9FAFF868DAA75E1363A98C4ACA67397090C54A907B70151ABC16D50B4B5E0564E275782C3AE2D9ABC0EDC26FCCD527B3D8BB718ADC35625D4A356F55699F4E8B38965C4D7585CABDC799CCCE412E671584A59B2ED9E525BA66C0BD62A5B1E257BB53479149C5A7E3C0A4EB3771D7A28D0151C5B00D99E5EB587E9D167E9AED263AB802A151EF78A665819B25AAAD99154526E9D8E1619179773A0842D67BC60950717BE2C55CD8C4B918FD621EB461A54A5AC9B4949D761CF5CC1DC2538B9ED1A83122303366C0B9E756CCC5518AD1B8B8D2D9B56EF95979EF8FF112DD7380DF70D04FFDF8908CC0E84DB80566DB86A2AA784C9891C554DDAAB3628081620744559B84320349AF85C753CB6E437323CDA6F71704BEE3376C8D8559AE2781B4925874BEFF8F8796DB8CCF3F2FEC07FA5534C01D80CF91A7A4FDE666114D47CDF68F6971D107C7129B76DF919916FDFF6CF35D2BB84180295E25BE303DF3B10F680E3430460E93DD9A0CFD8863758897EC67BE43F57E9816E907E45C8625FAE43B4A7284E4B8CA63FFC041B0EE2A7EFFE06DCFEF637964B0000, N'6.1.3-40302')
GO
INSERT [dbo].[__MigrationHistory] ([MigrationId], [ContextKey], [Model], [ProductVersion]) VALUES (N'202210311622070_student_session', N'SchoolManagement.Concrete.Migrations.Configuration', 0x1F8B0800000000000400ED5C5F6FE336127F3FE0BE83A0A72BB0B592ECCBDDC26991D84991BB2659ACB37D2D688976D4952857A2B6F167BB87FB48F7153AD45F52A46C92925C1728F6251E913F0EC999E19033B3FFFFEFFFE6DFBFC591F315A75998906BF77276E13A98F8491092EDB59BD3CDB7FF74BFFFEEEF7F9BDF05F19BF353DDEE3D6B073D4976EDBE52BAFBE07999FF8A6394CDE2D04F932CD9D0999FC41E0A12EFEAE2E25FDEE5A58701C2052CC7997FCA090D635CFC809F8B84F8784773143D26018EB28A0E5F5605AAF384629CED908FAF5DA02449F48808DAE218133A639D534CB1EBDC442102865638DAB80E2224A18802BB1F3E677845D3846C573B20A0E865BFC3D06E83A20C57D3F8D036D79DD1C5159B91D776ACA1FC3CA3496C0878F9BE5A22AFDBDD6AA1DD66096111EF60B1E99ECDBA58C86B7799F8395BBBCC75BAA37D5844296BA958E8726F664DE7774E4F93778DA0803CB17FEF9C451ED13CC5D704E73445D13BE763BE8E42FF3F78FF927CC1E49AE451C4F30C5CC3378100A48F69B2C329DD7FC29BCE4C1E96AEE389FDBD2E40D35DD1B79CF203A1EFAF5CE7099841EB083722C22DCF8A2629FE01139C228A838F88529CC20E3F04B85864898B9E31A1E36B3D2AC826689BEB3CA2B71F31D9D2D76B17FE749DFBF00D0735A5E2E433094139A1134D73AC3B18FB35F960A064E9F195D46398610C437AC8963802A310D430B720A8181163A0458AD9463F931A68093F5F42B6A00791E65EAB75877511C65B26BF112B55ACFA9E852656BC586922D7F7549AB8805EDB24DD4FAE182FF88D4E3EC84F28CA87AA0CD92493F3B9A228A54C8564753ADCF18E04C7BB692BDD27300656875FD1F11CD48D3162A36A75BF53A9191B8F8C7FFE68EFF48AE68CD315CED8BE94326EBEED32CA39C880CDFE9F74EFF136CC60C60C6BA86B70121FA6DEDF81BC2E2294654341E0679CB095039349F36CA83B748BFC2FCC687EDE05D5AD62081E6875F4940CC32838C1C1EDBE03A3E58F8D7816ACF2F52FD8A71F71BA4952B00A3EB6B21012CA5F16E2B885B87B43311B6BA8B28CA4B8631AAC518C40255543615E60BB400ED32F03CD480171E3FF9A87697BB3B2346F38F541461A930E063D1AED4EF5B28E7ECEE13E6AA3C875DF7350DFAE3C1A3B7B46F23C9E5A8F74589B4A67B20EC1D99CFE127317A3306AD773D22795097C67853282A9FA2D4983D3EF19C858C0F4F4D4E3DE86297D0D2CEEA1AC5DB2F97712928253B3CE374190C24935F97E3E26F415A7277199EFD1C986525E5D8F3D3714F736F5593CCDC39FF22D7294A7C84AE8C6F275542EBCBE7BF434B6993D7CB82F12425108E751AB86688D32CCE8C5FB9A74D083F1ACCEFAAC1A4E9C5B89BBC2548E89B48C94C1A419F7CD3B8252BD64024585D3BCF51E8161A2AEE85F3D5B1DE9AC7AF290A0548D8EE12A2E4A32AEA2D111DCD65B93D0DA4F2A516984A28D177A65C0B00E2C7A3D91C5F923DAED406AB94863457156659871F1EDCA3CF01697189E9F29E26F0DB7CD48E064816BD9F90A4303A7F7619AD15AC85D6711C452B3AE0AF42C723D5A57CABBDE67BBF6750FF677B5F37D31D7592F5EBBA2F73049D6A4982F6EF83AC04BD17BE5A308A50742768B24CA63722C0CA8835606E35478E51773C4F23C5421965FF411EBB01A8F55D3CCF92A036B2ABECA2FFA885C808D87E3C8FA58DC51CB637164196BEE75C4AB2BCF9E24D09DCB535743F4F487B3EF2369507D265828506FD75E39E0026D8214F406EF0EEE5B134213B6ADA1EA239531321EA5A4E8235401301EA22219C874710A0AE2AC38170F2170E12D1E8623EB6335112F1EA9219E8D4614AECA38AA50BA37E67AD0D3AF6F61EB7B04BFAEEA70DA31142299F9967A361BA4F0F4C6D9AEE3C01A7BA703D2ABAF9D4D34DCC0CEE398B08D071FDE0EA1CA27BFE989CFDDEF041BD2920D2C747DF1150C744DD4C79182513C9EF4D1C48B90E352A23B217F3752D1E28ADB51D08266E081B5712AC1096BC9C69E8E6CD7850FE7633AE4CBDC48A6E328B08EE9D00099C674F0612BE174E6E87F8CC24F63D4C632235C384B98694B367019B99896E03872747DB44E648B07EC7C32309A75884B309635F16C94BC79631947B5FBE03414BABFEB9FED0C6F435182243554035353C79A043B5313CDDE116477B5A51A8875132C12E4BAA1EA23D5C11F1EA7A6E9A370A11C1E88231BBC9388D11DE18A2C7ED2C76C823E3C5A433491A936D2224A554BD747E3E3363C1A4F37BB0C0DBF5275A335E2155AFC36EDEBD281572FF5A397F19B971CCCE111E5AFA7F67ABBB19E3ECBAA469DF428939EFFBB4D9AD19B3040E7B97F5E3DBD1FAF3692DEE2CB26AE03CBF5350CD83BFC6A9F511CCF5883D9EAD7681185C5F95E37803332DCE08C969920EED5C5E555A752E97CAA86BC2C0B22DDD22171C3FE806A9D902DF3D14C15CB1214BE40877C45A9FF8AD27FC4E8ED1B1ED1B6086710A05868532CC208653636385291CD3A340791E2ECECCCA65314D8D808ECA8452D93086CB78E65906CF1B52A8380847A142BD9E2AA51067122559CA8E44B2BEB4BAC40D18331AC48B110D1710A412611CD6EED87C13E0EA9EFB058C46179D2D32C9E3277D34695463B79A4CC231B6E3AB95836103DA5117647585F61840D9A98536583201545744074B649512231B2B13AF6F2FAA7553AB91EC1661347D193F1F47F048D93EA106C40E42A041B14650D829515112B104069A2D1EB0F6CCEF34972FE27D116AD83C52A757FD031D549CF1F7CD9B274611412D749B31FB66662EAFC302C291DDED64956A6C7DB8275D2E507ADBD9C123F084E4E7B1F04A770C64D6F39AA44777BE7C1F83AAE7C1D18FC38D097F23EBA73A6B549CAF4F7D12E35DD1477390DB8279C27BDCC1D4C602F1F30615FD76C0A25ABECBC6296AE6EA69DE67E30C75D35925106BC6A26155D853D71767CDFC2896D97183631D260C336995EC5C65449F7AAB1E8D0947CF9ED7DEEF1FF1FD87C89B370DB42B0FF1D8CC0EC60715BD0BA0DDB9A5A4D61723C477593EE41001B04360DDDA434DC2058B434F1D9D6B1E3AA78B5620EC41A070FE439A7BB9CDE64198ED79190E633F70E8F5FD41D883CCF9F77EC5736C61480CD9099E567729B8751D0F07DAF70597B209871A93CC1E21ECD3CC2EDBE417A4A882650B57C4BBC63EE08A12F38DE4500963D9315FA8A6D78034BF423DE227F5F8750FA418E6F84B8ECF36588B6298AB30AA3ED0F3F418683F8EDBBDF01227E32B5164F0000, N'6.1.3-40302')
GO
INSERT [dbo].[__MigrationHistory] ([MigrationId], [ContextKey], [Model], [ProductVersion]) VALUES (N'202211050633573_test', N'SchoolManagement.Concrete.Migrations.Configuration', 0x1F8B0800000000000400ED5CDD6EDB3614BE1FB0771074B5019D95A4375BE17448EC64C8B624459DF676A025DAD12A519E44B5F1B3ED628FB457D8A17E4991B2444AF23C60E84D7C447E3C24CF1F7978FAF79F7FCD7F7C0903EB338E133F2297F6F9ECCCB6307123CF27DB4B3BA59BEFBEB77F7CFBF557F31B2F7CB13E96ED5EB376D0932497F633A5BB378E93B8CF3844C92CF4DD384AA20D9DB951E8202F722ECECE7E70CECF1D0C10366059D6FC7D4AA81FE2EC07FC5C44C4C53B9AA2E03EF270901474F8B2CA50AD0714E264875C7C6903258A827B44D0168798D019EB1C638A6DEB2AF01130B4C2C1C6B61021114514D87DF321C12B1A4764BBDA0101054FFB1D86761B1424B898C69BBA79DF199D5DB0193975C712CA4D131A859A80E7AF8B25729ADD8D16DAAE961016F106169BEED9ACB385BCB497919BB2B54B6CAB39DA9B4510B3968A85CEF76656757E65B5347955090AC813FBF7CA5AA4014D637C49704A6314BCB2DEA5EBC0777FC1FBA7E8132697240D029E67E01ABE090420BD8BA31D8EE9FE3DDE346672B7B42D47ECEF3401AAEE8ABEF994EF087D7D615B0FC00C5A07B812116E7956348AF14F98E01851ECBD4394E21876F8CEC3D9224B5CB48C091D9FCB51413641DB6CEB1EBDFC8AC9963E5FDAF0A76DDDFA2FD82B2905271F880FCA099D689CE2BE83B15F930F064A1677AF643F8619C630A4BB648903300A5E09730D828A11D1065AC4986DF423298196F0F3C9670B7A1069EED45A77581761BC65F48518A962D1F72434B1E0C54813B9BEC7D2C405F4DA46F17E72C578C22F74F2413EA2201DAA3264134DCEE78AA298321592D5E970C71BE27577EBAD74EFC1181839BFACE329A81B63C444D5CA7EC75233361E19DFFFF4DEE9154D19A72B9CB07DC9655C7FDB659453900193FD3FEADEE3AD9FC08C19D6D0D0E028314CB9BF03795D0428498682C0CF30622B072693A6C9D070E81AB99F98D1FCB0F38A53C5103CD0EAE0211A86917182BDEB7D03A6573C36A22F58A5EBDFB14BDFE17813C560155C6C64212494FF2D44B785B87941211B6BA8B28CA4B8631AAC518C40215543619E60BB400EE34F03CD480671E5FE91FA717DB232346F387641462A930E063D18ED4CF5B40E7E4BE13C6AA2C865DF5350DFA63C6A077B5AF23C9E5A8FE4AC75A5335AFB106C4E7F88B909911FD4EB39E995CA04B1B34219C1547D8962EFF87B0632E6313D3DF6B8D77E4C9F3D8373286B176D7E8E7C9271AAD7F9CAF362F05493EFE77D449F717C9490F9161D6D28E5D1B5EBBA213BB7A97DF134177FCABBC851AE220BA19B20D67918DB661EF6D48B8850E48373A9750AAD5182193DBB2C93BC3658C2C27127C570E2DC72DC15A67282A36624CF0CCDB86F4E074A712D0914154E7571DB01C3E456D1BFB883EAE8ACBABF90A0548DBA7015A71E1957D1A803B70EBD24B4FA934A542AA1A8937F4E9EFD2BB3844E4B9A707E8F763B905A2E6D5850AC559E335C7CB7D2CFA2853986E3268A645AC56D3512444C102736BEC2D0C0E9AD1F27B41472DB5A78A1D4ACA9022D8B5C8ED694F2662859AF7DD983FD5DEC7C5B0275D68A57AFE82D4C9235C9E68B2BBE0EF092F55EB92840F181FCDB220AD29074E5F4FAA0E59935155EFE451F31776E2AC4FC4B7FC43247C66395347DBEF22C998AAFFC4B7F442E5BC6C371E4FE589CDFE4B138B28C35771AE2D594674712E8C649A8A921FDF487B3EF236950E9130C14A8B56BAB1C705933410A5A337107F7ADCA8709DB5651FB23E5092F1E25A7F44728B2593C4441D290E9CC0B0AE2ACF08B8710B85C150FC391FB6355E92B1EA9229E8C4664A1CA38AA908737FA7AD0D2AF6D61CB4301BFAEEADC58170A91CC7C4D3D990D52447AE36C5737708FBDEB03D2AAAF8D4DD4DCC0C64D97B08D076FD10EA1CA9E5FD7E3738735C186D4640D0B5D9E6205035D12FBE34899251E4FFAA81345C84926319C90BF6BA96896726A286846D388C0EAA4931084D564ED4847B6EBC287D3311DF2616E24D3D109DCC774F40099C674F03928C13B73F47F47E1A7316A6399112E3725CCB4266B848C5C824A081C397A7FB4469A8A076C7CD2309A65BE4A309625F16494BCBA631947B5DBE07A28747BD7FF9A0FAFF34A822455540D5353268E043B5312F5EE11E470B5A66A887595F911E4BAA2F6472A33393C4E49EB8FC2E56578208EAC714F22A66A8423B2F8A93F6695C1E1D12AA28E4CD5691351AA6A7A7F343E09C3A3F174BDC3D0F0235533F5221EA1C56FD3DE2E1DB8F5525F7A69DF79C999191E51FE6A160248D16FE3DB919D907471DF6C528D5E5DE0372EEAE7C5A57977D18F748B9E37B12D58AECFBEC76ED057FB84E270C61ACC567F048BC0CF3C73D900BC9BBFC109CD1F64D81767E7178D82A1D329DE7192C40BFA56F0881BF62F14CDF86C993B1F8C185682F07532E4338ADD67147F13A2976F7944D35A98418062BD4BB6082354BB98E048B52E6B5F1F444A77336F4BA7A8733111D8516B4B2611D86639C920D9E24B46060109652146B2C515850CE2442AFC50C957AFC7576221483F18CDC21003111DA71E6312D16C966068ECE390320B83451CF65C799AC5533EA13451A5D13C8FF400C8849BC693281388960A053317D6569F6082265627982048B5090D903EDBA4A85418D95875DD99FE67954E2E0B30D9C451F4643CFD1F41E3A472001310B918C00445590A606445C44200509A60F43200137F3EC9D3FB49B4A59763317A413FC84D355EC90F3E6C1986300A896BBC761FB666E20BF66158D2AB74D32059F94ADD14ACF16A7DD0DACB2FD307C1C9AFCF07C1298271DD538EEABDB979F0A07D1C57DE0E0CBE1C687B793ED4A13E98581ABDB7E5F2FBDB963C9A74B176F0E5787EFF08DBB26653C85965EE8619AAB259EFF7E5071F97AB46D27A7AAE9A494157614FFC2CBD6DE1C4B64B0C9B18F460C3F415BB8A8DA95EBBABC6A243DFC2CB57E77387FF5FB5E64B9CF8DB1A82FD1F5B0466078B5B83966DD8D6946A0A93E3392A9B34ED386C1098247415537F8360D1E2C8655BC7BC4D76E9C4FCFF1A7B77E431A5BB945E25090ED781F0BE66EE1C1E3F7BF02FF23C7FDCB15FC9185300367D66551FC975EA075EC5F7AD22E26C8160C6A508E4B263300BE8B6FB0AE921223D818AE55BE21D8B26087DC2E12E00B0E491ACD0676CC21B58A25FF116B9FB3203D20ED2BD11E2B2CF973EDAC6284C0A8CBA3FFC0419F6C297B7FF00858939615C4E0000, N'6.1.3-40302')
GO
INSERT [dbo].[__MigrationHistory] ([MigrationId], [ContextKey], [Model], [ProductVersion]) VALUES (N'202211051238328_IsdeletedStudentSessionModel', N'SchoolManagement.Concrete.Migrations.Configuration', 0x1F8B0800000000000400ED5CCD72E33612BE6F55DE81C5535235116DCF65332527654B76CA496C4F8D3CB96E41242473870415129CB19E2D877DA47D856DF01720400900498D93DA9A8BD5043E3480FE031A3DFFFDF33FF39F5EE2C8F98CD32C4CC8A57B3E3B731D4CFC2408C9F6D2CDE9E6FB7FBA3FFDF8CD3FE63741FCE2FC5EB77BCBDA414F925DBACF94EEDE795EE63FE31865B338F4D3244B3674E627B18782C4BB383BFBC13B3FF73040B880E538F30F39A1618C8B1FF07391101FEF688EA2FB24C05156D1E1CBAA40751E508CB31DF2F1A50B942489EE11415B1C634267AC738A29769DAB2844C0D00A471BD7418424145160F7DDC70CAF689A90ED6A0704143DED7718DA6D5094E16A1AEFDAE6BA333ABB6033F2DA8E35949F6734890D01CFDF564BE475BB5B2DB4DB2C212CE20D2C36DDB359170B79E92E133F676B97B94E77B4778B28652D150B5DEECDACE9FCC6E969F2A611149027F6EF8DB3C8239AA7F892E09CA6287AE3BCCFD751E8FF8AF74FC9274C2E491E453CCFC0357C1308407A9F263B9CD2FD07BCE9CCE46EE93A9ED8DFEB0234DD157DCB29DF11FAF6C2751E8019B48E702322DCF2AC6892E29F31C129A238788F28C529ECF05D808B4596B8E819133A3ED7A3826C82B6B9CE3D7AF90D932D7DBE74E14FD7B90D5F7050532A4E3E921094133AD134C7BA83B15F930F064A961E5F493D8619C630A4BB6C8923300A410D730D828A1131065AA4986DF423A98196F0F329640B7A1069EEB55A77581761BC65F28558A962D5F7556862C58B9526727D4FA5890BE8B54DD2FDE48AF1845FE8E483FC8EA27CA8CA904D32399F2B8A52CA544856A7C31D6F4870BC9BB6D27D006360E5FC8A8EAF41DD182336AA56F73B959AB1F1C8F8FE477BA75734679CAE70C6F6A59471F36D97515E830CD8ECFF49F71E6FC30C66CCB0868606278961EAFD1DC8EB2242593614047EC6095B39309934CF868643D7C8FFC48CE6C75D509D2A86E08156470FC9308C82131C5CEF3B305AF1988D0BB18C09F54D4DBEFE37F6E97B9C6E9214CC8B8FAD4C8D84F27F5373DCD4DCBCA0988D3554EB46B200635ABE51AC49255543619E60BB400ED34F03ED510171E5FF918769AB8E967612A73EC848E31BC03344A31DCE9ED6D1BF7238D8DA2872DDF735A86F571E8DA34623791E4FAD47F2FAA6D299AC43885AA73F0DDDC4288CDAF59CF46E6682205CA18C60AABE246970FA3D03190B989E9E7ADCEB30A5CF814534C2DA259B5F9290149C9A75BE0A82143CD5E4FB799FD0679C9E24F6BE45271B4A79063E766F511C00D5BE789A1B4465003BCA9D66257413C43A0F63DBCCC39E7A91108A42702EAD4EA135CA30A317B76E92D7064B5839EEAC1A4E9C5B89BBC254CE94B48C9429A619F7CD3B8252DD6F024585D3DC001F816172ABE85F5D661DE9ACBA0891A0548D8EE12A4E3D32AEA2D111DC36F492D0DA4F2A516984A2CD227A651AB14E377A3DF9C6F93DDAED406AB9FC6345715665F271F1FDCA3C1D1797189E9F29B2720DB7CD481031419CD8F90A4303A7B7619AD15AC85D6711C452B3AE0AF42C723D5A57CABBA164BBF6750FF677B5F37D99D8592F5EBBA2B73049D6A4982F6EF83AC04BD17BE5A308A50712798B24CA63722C39A88356A6E85478E51773C4D2B9A910CB2FFA8875B28DC7AA69E67C95E936155FE5177D44EE8A8587E3C8FA589CDFE4B138B28C35F73AE2D595674F12E8CE49A8AB217AFAC3D9F79134A8F609160AD4DBB5570EB8F49B2005BD29BD83FBD624D6846D6BA8FA4865E68C472929FA08555A8C87A84806325D7841419C157EF1100297F4E26138B23E569307E3911AE2ABD1882254194715CAF0C65C0F7AFAF52D6C7D28E0D7559D643B86422433DF525FCD062922BD71B6EB38B0C6DEE980F4EA6B67130D37B073D3256CE3C15BB443A8B2E737F5F8DC614DB0212DD9C042D7A758C140D7447D1C2945C5E3491F4DA208395B258613F27723152D72571D052D680611589BBD1282B0966C1CE9C8765DF8306D14F6B5CC907C301CC90C1D05D631431A20D398213E9F25787A8EFE758CC73406722C93C4E5B98499B66483F0934B7609412847D747EBA4BC78C0CE2703035CE7BE04C35B135F8D9237F735E3A8761F9C8642F777FDABC5036D8E4A90A4866A606AEA249460676AA2D99D841CFAB65403B16EB248825C37547DA43A2BC4E3D4347D142EC7C3037164833B1731ED231CB7C54FFA984D3688476B882632D5A66044A96AE9FA687C428747E3E96607ABE1C7B36E1A473C8E8BDFA6BDA93A10BBA94337E3FB3339CBC323CA5FED42002992EE7C3BB113929200DD26CDE84D32A073E93FAF2EE08F57224937F26513D781E5FA1C06EC367EB5CF288E67ACC16CF547B488C2C233D70DC0BB851B9CD1F271877B71767ED1A9627A3D15455E9605916E5991B8615FA1922764CB7CF4F18965790A5FBC433EA3D47F46E9B7317AF98E47B42DD019042816E1148B3042098E0D8EF4D8721D9A8348A973E66DE914C53736023B6AC1CB2402DBAD7119245B7C1DCB2020A156C54AB6B84A95419C48D5282AF9D27AC82556A7E8C11856AB5888E8384522938866B72EC4601F87D47E582CE2B0A7CFD32C9EF239A68D2A8DE679A4C74436DC749E57D940F4944DD8B9B0BEA2091B34B164C206412A98E880E86C93A27CC2D6E65978F821A5147F0FCD95EB146C246114651BCF888CA0B6527D820D885C9D6083A2AC4DB03245626502685E347A5D824D5030492DC024DAA2E59DAC9EF40FF2759D67FB834F6C96719042E23ACFEF87AD99F8A47E1896F44CDED6EB289FCDDB82759ED10F5A7BF9A9FC2038F939FC203845446F7A54523D80B78F408CCFF4CA0064F00D43DF53F8A10EF5C1C6D2983D76971F04F724E3A4DBB9834FD9CB4B4CD896359B42C92A7337CC50D5CDB41FBC1F7CEDAE1AC9E82DBC6A26155D853DF13BF9BE8513DB2E316C62A4C186EDB37A151B533DBF578D45873ECE97EFDFE71EFFFF85CD97380BB72D04FBDFC308CC0E16B705ADDBB0ADA9D51426C7735437E9DA71D8203049E82AA5E106C1A2A589CFB68E799BE2E68AF9FF350EEEC8634E7739BDCA321CAF23E1C1CFDC3B3C7E518120F23C7FDCB15FD9185300364366551FC9751E4641C3F7AD22E2EC8160C6A50AE48AB3340BE8B6FB06E921219A40D5F22DF18E4513843EE178170158F64856E833B6E10D2CD16F788BFC7D9D46E90739BE11E2B2CF9721DAA628CE2A8CB63FFC04190EE2971FFF07115EDCDB364F0000, N'6.1.3-40302')
GO
INSERT [dbo].[__MigrationHistory] ([MigrationId], [ContextKey], [Model], [ProductVersion]) VALUES (N'202211080312076_subjectPerformance', N'SchoolManagement.Concrete.Migrations.Configuration', 0x1F8B0800000000000400ED5CCD72E33612BE6FD5BE038BA7A46A22DA9ECB664A4ECA96EC9477637B6AE4C935059190CC1D12544870623D5B0E79A47D856DF0170440090049D9FB5373B11AC08746A3BBD140B3E75F7FFC39FFF1258E9CAF38CDC2845CBAE7B333D7C1C44F82906C2FDD9C6EBEFB9BFBE30F7FFDCBFC26885F9C5FEA7EEF593F1849B24BF799D2DD07CFCBFC671CA36C16877E9A64C986CEFC24F6509078176767DF7BE7E71E060817B01C67FE2927348C71F1037E2E12E2E31DCD51749F0438CA2A3AB4AC0A54E701C538DB211F5FBA404992E81E11B4C5312674C606A79862D7B98A42040CAD70B4711D4448421105763F7CCEF08AA609D9AE764040D1D37E87A1DF064519AE96F1A1EDAEBBA2B30BB622AF1D5843F9794693D810F0FC7D25224F1C6E2568B7112108F106844DF76CD585202FDD65E2E74C7699EB88B37D584429EBA91074B937B366F03BA7A7CBBB4651409FD8BF77CE228F689EE24B82739AA2E89DF3315F47A1FF0FBC7F4ABE607249F228E27906AEA1AD4300D2C734D9E194EE3FE18DB092BBA5EB78DDF19E08D00C578C2D977C47E8FB0BD7790066D03AC28D8A70E259D124C53F6182534471F011518A53D8E1BB00174296B8E89913063ED7B3826E82B5B9CE3D7AF919932D7DBE74E14FD7B90D5F7050532A4E3E93108C1306D134C7BA93B15F934F0646961E97A41EC30C6318D25DB6C4113885A086B90645C58818032D52CC36FA91D4404BF8F91432811E449A7BADD51DB645986F99FC4EAC4CB11AFB262CB1E2C5CA12B9B1A7B2C4058CDA26E97E72C378C22F74F2497E41513ED464C826999CCF1545296526249BD3E1813724383E4CDBE83E8133B03AFC8A816FC1DC182336A6568F3B9599B1F9C8F8E78FF64EAF68CE385DE18CED4BA9E3E6DB2EA3BC051DB0D9FF93EE3DDE8619AC98610D0D0D4E12C3D4FB3B90D74584B26C2808FC8C132639709934CF868643D7C8FFC29CE6E75D50DD2A86E08155470FC9308C82131C5CEF0518AD78CCE608B18C09F55D4DBEFE27F6E9479C6E9214DC8B8FAD5C8D84F27F5773DCD5DCBCA098CD35D4EA46F200637ABE51BC49A55543619E60BB400FD32F03FD510171E5FF9687696B8E23403D92C23F0CF66FB6B7BE5E2FA742D26241728F2379D9715CDED33AFA35878BBF8DA3ABC7BE05F726DAAB71546D64EFE3B9BD91A22253934BD62144F5D3DF166F621446AD3C277DBB9AE092A208EAC095FF9EA4C1E9F70C742C60767AEA79AFC3943E0716D11AEB976CFE9E84A4E0D46CF05510A470924FBE9FF7097DC6E949EE26B7E8645329DF088EBDEB14176475AC72AAB31602FC51DE7C2BA59B20167C98DE671E0838EC82A0578940D43E7A8CAB708BF309C77C247B9297A94542280AE1B86FBD1C5AA30C337AF14E2CC551C06F154A65D574DDE595B82B4CE5DC5ECB4899149D716DDE1194EA451E282A9C26677104867912C5F8EAF9F5C860D5D39D04A5EA740C57714F9771159D8EE0B6C1B084D636A954A5518A36EFED9589EF3A41EEF564C8E7F768B703ADE532E615C55995E9F2C5772BF304725C62787EA6C82337DC3633410C0B91BBD00A5303A7B7619AD15AC95D6711C45237D1047A845CCF266AB918DCB7B2AF47B0BFAB9DEFFB7660D68BD74AF41616C9BA14EBC50D5F07782946AF7C14A1F440EA799144794C8EA5B375D0CAA4B20AAF6C31472CC30D1562D9A28F58A78779AC9A66CE57992056F155B6E823728F823C1C47D6C7E222191E8B23CB58734F502F519F3D49A185BBA968217AF6C3F9F7912CA83E132C0CA87768AF1E7009E38E16F426A10FEE5B930AEE6C5B43D5472A73BD3C4A49D147A812B93C444532D0E9E214ECA8B3E25C3C84C0A56979188EAC8FD5646E79A486F8662CA20855C6318532BC31B7839E717D82ADAF69BC5CD569E163284472F32DF5CD6C9022D21B67BB8E036BEC9D0E48AFBD0A9B68B881C2DB63671B0FBE6B1E42954F7ED3139FBB3E777C484B36F0D0F5BB42C741D7447D1C29A9CAE3498D2651849C5FED861372BB918916D956C1400B9A4104D6DEC33B41584B368E7464BFDE6998360A7B2D37245F0C477243478175DC9006C8346E88CFC0764E7A8EFE3ACE631A0739964BE232B39D95B66483F0934BCF7682508EAE8F2624697940A1C91293CFD6F6A2F39DA6BD8A1D719C22164736E64B74C21C795A87FE4A4EB379FF1AC755F6C16938C8FEA1FF69F1559B85EDD84E433570DD759AB5E3B76BA2D91B8F7C9568A906715A9327ED04680D551FA9CE7BF238354D1F85CB62F2401CD9E00DAB9BD8EC3C5F749BF4319B7C278FD6104D74AA4D3276B5AAA5EBA3F1294B1E8DA79B5D54875F77C54465F779A3DBF63AC74D9BC5144261E3F748398FC923CAAD762195743311DAFE370FDA433E5275F9E4E936684D32530DDA349F382490525C629766F626D525A4B4E6557AE97865A8946F2ABBB80E08ED6B18B05CD36A9F511CCF5887D9EAB7681185B0DEB603C41AE10667B4FC98CCBD383BBF10AA4ADF4E85A7976541A45BE6D9DDB057A8AC0C99988F7EEC66592EC8175392AF28F59F51FA4D8C5EBEE5116D0B260701768B220B218C50126983237DFCBE0ECD41A44F759803A4531443DA286C6FEEC7A600711285156B0E07E9165F573808A8533B68A55B5CE5E0204EA4EA40957E697D38DAAD16D48331AC1EB450D1718AF626514DB14ECF601F87D4E25908715829CA34C2537EFE6D634AA39D3CD2C78B36DC089F73DA404849952147585F119B0D5AB784CD0641FAB05100D1D92645399BADCFB338E18794B6FD7758AE5C3766A309A318DB784E6404B395EAC56C40E46A311B1465ADD86020B952CC4AD2960171AF33398C64E0517ABDD228AE6D949A319B006A923AAD493C8BD6496E556E35282E104AAA06DF6E2D634645A02094460D9359B7DC69189654C2646B9ACA92265B30A1C46990ECE532A6417072A9D22038C5EDC7F45AA92A4EB28FD64670F762A992CD6B4C5F99D2D0E0E3611C4FA375A2D915229DE848537BBCE11799DE12A4D12EDD6299915C8AD193B6975E8E0F1611950FECB0B36BA63225ABEC78670BACBB49C2E82B353A5867A49AC9A80A49B5928AAEC29EB842A94F70DDBE4B0C9B1869B0615BD0A46263AAC227D55C746859949C1B9A7BFCFF2D3A5FE22CDCB610EC7F1A25B03A106E0B5AF7615B535B2A2C8EE7A8EE229E9BB041E055D0554AC30D02A1A589CFB68E9DEEC5AB2A8BB7D638B8238F39DDE5F42ACB70BC8E3A09C3B97778FEA2F6ABCBF3FC71C77E65632C01D80C99637C24D77918050DDFB78A08BF078239972A702EDE795800BDDD37480F09D104AAC4B7C43B16BD11FA84E35D0460D92359A1AFD88637F0443FE32DF2F7758AAF1FE4F84674C53E5F86689BA238AB30DAF1F0137438885F7EF837B835106662570000, N'6.1.3-40302')
GO
INSERT [dbo].[__MigrationHistory] ([MigrationId], [ContextKey], [Model], [ProductVersion]) VALUES (N'202211120808407_studentperformance', N'SchoolManagement.Concrete.Migrations.Configuration', 0x1F8B0800000000000400ED5CCD72E33612BEA76ADF81C5D36ED544B43D97644A4ECA96EC2D27197BCA72724D41242473870415129CB19E2D877DA47D8500FCC51F450024656DCAE58BD5003E347EBAD10D74F37F7FFE77FEE34B1C395F609A8509BA74CF6767AE03919F0421DA5EBA39DE7CFB9DFBE30FFFF8667E13C42FCE6F75BDF7B41E6989B24BF719E3DD07CFCBFC6718836C16877E9A64C906CFFC24F6409078176767DF7BE7E71E24102EC1729CF9638E7018C3E207F9B948900F773807D1C724805156D149C9AA4075EE410CB31DF0E1A54B2849127D04086C610C119ED1C629C4D075AEA21010865630DAB80E4028C10013763FFC9AC1154E13B45DED0801444FFB1D24F53620CA60358C0F6D75DD119D5DD011796DC31ACACF339CC48680E7EFAB29F2C4E65613ED36534826F1864C36DED351171379E92E133FA77397B98ED8DB874594D29A8A892ED766D6347EE7745479D76C14B29FE8DF3B679147384FE12582394E41F4CEF994AFA3D0FF19EE9F92CF105DA23C8A589E09D7A48C2310D2A734D9C114EF1FE14618C9DDD2753CBEBD270234CD156DCB21DF21FCFEC275EE0933601DC1668B30D3B3C2490AFF0D114C0186C12780314CC90ADF05B09864898B8E3E49C3E7BA57B23789B4B9CE47F0F20B445BFC7CE9927F5DE7367C81414DA938F91585443849239CE650B733FA6BF2CE8890A5FD33A9C730C5188674972D6144944250C35C938D0A0132065AA4902EF403AA8196E4E7534827F420D2DC6BA5EEB02C92FE96C95764258A55DB9390C48A172B4964DA1E4B1217A4D53649F7930BC6137CC19377F21B88F2A1228336C9E47CAE3048311521599C0E37BC41417F336DA17B24CAC0EAF02B1A9E82B851466C44AD6E772C31A3FDA1F1CF1FED955EC18C2EC8CD0B886DD69B697E0AAB6EB3E2C75C6D3A4FB4AFA1864035ED43611611C8B2C1BCE4EBFF405FC34AEC3906C81493BD937ECE068EC9D22051586CBBA00B498B85EBFDB09154FD9BC1E80B3ECEE9A6A53BF2134C37494AE4DE87563A4089F4A60EFAD501A33D878ACF23DC8619993C3C825AA816F4286E5121F157FE1F7998B6CE881DDB1CD4032AA4B0B81F785327D6EA642C3D6DAA96EA03AEB0B9AD551283F2A68E346CD11175C85194C7299941E4679CD099232E1CCE071A3177D935F03F53055148ED602D46BC8CE83E99467F68292F1B97D6F28E4A5BD53CADA3DFF30CA6360AA66E7B0A6A45145B6397D748ECC7533723A908532B215987C4E59EFE2AE7260661D4CEE7A417CB13DC2028341CD1925F933438FE9A913D1650393D76BFD7618A9F030BD545EB259B9F9210159C9A35BE0A82941C6CD39BDE097E86E9510EEA5B70B4AE9417785AFE8EDA0C38967B404EBB511E64AA4D379269C49E0DF7D3EBCC033E929DDF76224E13D5D163D8852DCE238C591FEC28D7C68B04611092E3BED572600D3248E9C5238E6447117E2B532AABBAE38757E2AE20961FDE5B46CA88851953E6F5A054CF6584A2C2691E147B60A82651B4AFDE467A1A73F7EA120657DA87D4715127837654D4C3E73CEE2E6CAE520F6E6B5E4B686D916AF335DBAC0D73F1CA38973A1EC6EB0888997F04BB1D91032640A6A238AB323A66F1EDCA3C5E242E313C3F53848D34DC363D11AB98F8024229E99A707A1BA619AEC5C67516412C551385AA6392EBDE44B911DD8576EEEB16F4FF6AE5BB4285669D78ED8CDE9241D22AC57861C3D7015E8AD62B1F44203D1069B248A23C467DD12B3A68650C890AAF2C31472C0D18156259A28F584783B05835CD9CAF321E44C55759A28FC8F8DC2C1C43D6C7626C23168B21CB58734FD85EE27EF6A40D2D78BBA284E8C90F73628C2441F5296321409D4D3BF701131FC2ED82CE989383EBD6447E70CBD650F591CAD00E16A5A4E82354711B2C444532D8D3C569C56D67C5F975088189CA606118B23E5613A8C12235C4939188C2F81947144A83C95C0E3ADA754D6CEDF8B1F3AA8E02E94341929A6FA927B340AC0939CE3A1D40D458AD83AD3B4553582FB3B562A329386962E80642DE7ACC9C90B76403155A5F25701AB4261AF0D4C656703CB5640365CC3CDC712A99A14F7BB8771A43ADD7CFD9432DD998AF6BF1F46AC9C67C89580CF974B481DAF71B49316881EBE8084DA069D485106DA110F2BAC8E0B810DE4EB843E3E0BBCC414ED9000CDEE2600AF4F184200B165128B2C464A32D3AD1D94A6F8A66A8A21957CDBFAEDA62AF954655590780F5D5D541906954D5346A45D627A68AE4146D2429F082C5930A4DAE42E4180CFE4E442E37F2338A880CC1CB2868AFA338B8480D854A3375746DAE925E490D35F7D1E3289F2E380D95D3DDF4FF4D55B471169C41D0500DDCBC3A9082F3F16AA2D99DABECDAB7540395D3444270BAA6A1EA23D5910D2C4E4DD34761E2145820866C70A7CC872E70D7897C913E6613D1C0A23544933DD58611F0BBAAA5EBA3B141092C1A4B37BB381A7EFD248622288C7F8B23724C1BBA8D5310B4BAF1FB801CA9C022CAA576E69374C80A656FDE4357A082A825CD4D2845B8821AB4293EB249203D398B559ADE9BA767E189795E3DF7F67F98417AFF2DABB80E99B42F6140DF7E57FB0CC378462BCC567F448B2824E36D2B105B23DCC00C97E1A2EEC5D9F985F05187D3F9C082976541A4FB95057EC15EE1C306219DE6DE7056CB6C7DF65B06E80B48FD6790FE33062FFF62116DBF57300890FF26413109237C91C006478AF55E87E62052301E5580788A6F11D86CD8CEB7589BFCFF4936AC98F23F686FB169FD8380B8D47DABBDC524EE0FE2444ACE57ED2FADD0703E595F0FC63079DF628B8E93333FC9D614D3E40DD6D12A15DE62F68665774D326B72BAB98DFC48A1C436204270B5151F62A2B90D889CBE68351ACB934671048B11CFB63A450A78B6199714EEDC0F3234E1FCEF2169CA4C6E9B1550276359898B9CC53DE8F453666ADB30D693A7FD268F83E4711C9537245FFBEF21D1E309E26812782A07B1F4A836C4EFEB4A74B6529E5C9AF314026720F963380A166EB179FAB38DA73049CAF12472AC257D5699C3836459C80E1E7C8D63E91C29845BC8F21D36677CE6EE302C291BD756AA94D9B9B66042B6EE30134BCAC81D042767DD0E8253B8F9A6F727AA3C5B7B0D3B82B92766DDDA5C3B7665DC0E35FFEFC7D1345A16AD5D4EEDAB99B4723EED3014219B76B4DB25316356CE01E41914732835F361CB9724B2B26BBA654A56E9F14E075857932643EAABBEDC3E9432ABEAC928A15635928AAEC21E3DD956D5C951B371950C1C3973B76BBFF0759790ECDDA87FF6B5127D555DE2A169C0F2DBEBDC633F9D3F5FC22CDCB610F443FA08FA54B9B6A0751D3A35B58220836339AAAB88C7359920A2CCC0558AC30DF03129F6E9D451A3A278B5A066DE1A0677E821C7BB1C5F65198CD711F7203FF70EF75FE43AF33CCF1F76F45736C610089B21D5C70FE83A0FA3A0E1FB56E1587440509D56D9EB854B48EDF6EDBE41BA4F902650357D4BB8A34623C24F30DE45042C7B402BF005DAF04614E02F700BFC7DFD84DE0DD2BF10FCB4CF9721D8A620CE2A8CB63DF949F67010BFFCF01717262FA041620000, N'6.1.3-40302')
GO
INSERT [dbo].[__MigrationHistory] ([MigrationId], [ContextKey], [Model], [ProductVersion]) VALUES (N'202211231843520_SessionExamAddNames', N'SchoolManagement.Concrete.Migrations.Configuration', 0x1F8B0800000000000400ED5DCD72E3B811BEA72AEFC0E229A99A156DCF25999277CB96ED94931D7BCAF2EE750B2221991912D492E0ACF56C39E491F20A0BF0177F94001094952DD75CAC06F0A1D940371A4037E67FFFF9EFFC87D734F1BEC1BC883374E99FCFCE7C0FA2308B62B4B9F44BBCFEEE6FFE0FDFFFF94FF3DB287DF57E6EEB7DA4F5484B545CFA2F186F3F054111BEC01414B3340EF3ACC8D67816666900A22CB8383BFB7B707E1E4002E1132CCF9B3F9508C729AC7E909F8B0C85708B4B907CCE2298140D9D942C2B54EF01A4B0D882105EFA849265C96780C006A610E1196D9C430C7DEF2A890161680993B5EF0184320C3061F7D34F055CE23C439BE5961040F2BCDB42526F0D9202369FF1A9AFAEFB456717F48B82BE610B159605CE5243C0F38F8D8802B1B995A0FD4E844488B744D87847BFBA12E4A57F938525955DE17B626F9F16494E6B2A045D8FCDAC6BFCC11BA8F2A19B28643ED17F1FBC4599E032879708963807C907EF4BB94AE2F05F70F79C7D85E8129549C2F24CB826651C8190BEE4D916E678F704D7C297DCDFF85EC0B70F4480AEB9A26DFDC9F7087FBCF0BD07C20C5825B09B228C789638CBE13F208239C030FA0230863919E1FB08564296B818E893347C697B257393689BEF7D06AF3F42B4C12F973EF9D3F7EEE25718B59486939F504C949334C27909753BA3BF26EF8C28597E58927A0C538C7148F7C50D4C8851885A986B32512140C6408B1CD2817E442DD00DF9F91C5381EE459A07BDD6EDD745D2DF4DF61BB252C5A6ED496862C38B9526326D8FA5890BD26A93E5BBC915E319BEE2C93BF91924E5589541EB6C723E9718E498AA90AC4EFB1BDEA2E870336DA57B22C6C06AF1AB1A9E82BA51466C54AD6D772C35A3FD21F7EB8FF6482F614107E4F615A436E3CD343F8551B719F1638E369513ED6BAC23D088DD11CC51FC9F45028A622CC315C851D85D96AB7FC350C3F7D582390ACBCF649212EDCBBF1623856CE9D2297CDE6D3484A4C5C2F56EDC9734FD9BC1E89B4E5C52B5A73AFD05E6EB2C2796338456565489F46E500F1B5466FD19ABAA4F7013174478D88561AD07F4286A5F69FC55F86B19E7FD76CE8E6D0EEA11555A589DB0BC9B136B73E2CA4E9B9AA5D645A8762DD62689417937471ADEBC431B721C37C78D23E9C4B9233FD38C4A8E6C827139D289B92FAE41F8951A884A6B475B31B24F4B1EB269EC8796F1B23914B03CE5D33635CFABE497B280B98D8169DB9E825911D5D6F8D0C048EDDD991B4726C2D44BC8567102D1F48761B72988935E9E931ECD4F7006A3B070C44AFE96E5D1F1C78CCCB188EAE9B1FBBD8E73FC1259982E5A2F5BFF338B51C5A959E3AB28CAC9C236BDEB9DE117981F65A1BE0347EB4A7904AAB5DF51BB01C7DA1E90D5CEC9955633E91CB946ECDAF030BDCDDCB347B2DBB79DC8A689DA68177E618FF30453760F769483F745863088C972DF5B39B00205A4F4EA1A4CF2A308BF8D2B5534DDF19F57E32E219643177A46EA988F1953161C40692E1C094585D35DC91E80A19644D1BEB95D3AD098BB999030B8D2434803077532E840453D7C6EC73D84CD553A80DBBBD7125A5FA49A7CDD34EB0385823A52A88D280A06428AE69FC1764BF48009316A28DEB28E2F5A7CB7348FB8496B8C202C1481371DB75D4FC42B267B01A194744D38BD8BF302B76AE37B8B2895AA894A3520E4B637516FC4ED422FFBB605FDBB19F9A160ABD9205E2FD13BF291B44AF5BDB0E36B0F2F55EB65081290EF89D559644999A243F13F3A6875148E0AAF2E3147AC1D1815625DA28FD8C6D3B0582DCD9CAF3AA246C5575DA28FC8ECB9593886AC8FC5F8462C164396B1E68130BDC4F91C48135AD8ED8A1AA2A73FCC8AE14883DA55C64281069B0ECE0326C2869B0583513B7BC7AD8B9DE186ADA3EA23D5C1312C4A4DD14768225F5888866430A7ABD58A9BCE8AF56B1F0213D7C2C230647DAC2ED48545EA8827A31195F3E346156A87C95C0F06DA0D09B6DDF8B17255C7D11C42419299EFA9273340AC0BE9669CF6206A8CD6DED683AA298C97D958B1F1289C3631740325EF77CC9C92F764632CD95FE00A0C4C727B34C159E49668882373C5900DBEB18F31E1BEB0271B6329E4C516182C3CCC2525B7FC30F4691D9941C7AF3FE1E07CBF9E6CCCD7B5B852F76463BE442C867C3A964FBDCF756404B5C075ECA126D034A651882C5198A0B6C8606914EE89B80572EF1DD45E4ED96013DEBB620AF4F1848012165128B2C464234B06D1D94AEF8666ACA1716BE6DFD66CB147684E4DD61E607D73B517641A53358D5991ED89B17FE3D01F74E5BF4941262C9E546872EC23C79BF0E73F72B9D19EAA8A3E11765415ED6D0C071795A23069A69B7A9B63B3373243DDD9BB1BE33304A76172869BFEBF998A3EA68473083AAAC196B60D1AE1F6B32DD1EC7C593EC6E8A90626A78BFAE06C4D47D5476AA338589C96A68FC2C464B0400CD9E0FC9C0FD3E08E4EF9227DCC2E7A8345EB882673AA0F99E067554FD7476303305834966E764836FEA84D0CBB5038FF36471C0E7DE83E2643B0EAC677217254068B2897DAB94FD2222B94BDEF1E868232442B69EE42294233D4A05DF1915D02E97A5DACD2F5DE5DB30BD7E9F3E66AFBF0331ED25D775DC5F788D0BEC511BDE75EEE0A0CD319AD305BFE9A2C92987C6F5F81F81AF11A16B80E8DF52FCECE2F8427404EE7398EA028A244F74D0E7EC0DEE0198C988AF960E8AEE5DB0EECCB17E81BC8C31790FF2505AF7F65116D5FB71805C8BF605109C1C1FB153638525CFB2A360791020FA901C453BC5C61336107EF9D6D5E8B9864C28A0F448C9A5BEC2310A380B8871EACE616F3CCC3284EA4A71C54F34B2B0C9E7FDA410FC6F0A9078B29EAE6858549A6A6F8A882C1385A3D9C6021BD71996C93484D7E9CC0467FA4B0E91120CE962E2130DD8625E9E98171C6417C5EC04A4AF2E302E38CB094986A2528CB7555E17088B1ECB616540A65B7F92E2990FD30C8D8A704FE18764599A36F3302EA343B2BCD91F3F347698E3207DF86B10319F8EFFA384A1FDD98BC3199F87F0C8D76A788EE1654176E87033741BA421CB3CB1D4A61B7329E5C02FB140A67A0F92EB645168700E689ED36FBA24992C927D1632DEDB3CA091FA5CB42DEF7E8432BCBADA042B985FCED7132E373B2C7614979D6B65AA5CCBBB60513F2B0C7B95852AEF52838399F7A149CE250C3F4B44895416D6F611DB87B623EB5CD21EB502EF558F7FFC18DA5D1F268EDB2A5DFCCA59533A5C7A10879D2CECED2C45C6839BB936750CC8ED5CC74AEEFCDC8C8AEE894A959A5CB3BFDC0B69A240CA9AFF6287F5F32B4AA27A35469D597347415B6F3346A552747CDB3563270E49CECA1F9C2D7BD8164EE2687A5AF95C2ADEA128F4DF0966F9AE701FBDF4ACC6F60116F7A08FA9F4C201852E3DA83B675A8685A03413E8EE5A8AD222ED74440C49881AB1CC76B1062521C52D151A7A2BAA3A16EDE0A46F7E8B1C4DB125F15054C5709177E300FF6F75F65B1F33CCF1FB7F457E1E213089B31B5C78FE8BA8C93A8E3FB4EB1B11880A036ADF1D7AB2D21F5DB37BB0EE921439A408DF86EE0963A8D083FC3749B10B0E2112DC13768C31B31803FC20D08776DC0C030C8E181E0C53EBF89C1260769D160F4EDC94F3287A3F4F5FBDF01F26FA7695D650000, N'6.1.3-40302')
GO
SET IDENTITY_INSERT [dbo].[DropDown] ON 
GO
INSERT [dbo].[DropDown] ([DropDownID], [Category], [Text], [Value], [Info], [StartDate], [EndDate]) VALUES (1, N'Session', N'2018-2019', 1, NULL, CAST(N'2018-04-01T00:00:00.000' AS DateTime), CAST(N'2019-03-31T00:00:00.000' AS DateTime))
GO
INSERT [dbo].[DropDown] ([DropDownID], [Category], [Text], [Value], [Info], [StartDate], [EndDate]) VALUES (2, N'Session', N'2019-2020', 2, NULL, CAST(N'2019-04-01T00:00:00.000' AS DateTime), CAST(N'2020-03-31T00:00:00.000' AS DateTime))
GO
INSERT [dbo].[DropDown] ([DropDownID], [Category], [Text], [Value], [Info], [StartDate], [EndDate]) VALUES (3, N'Session', N'2020-2021', 3, NULL, CAST(N'2020-04-01T00:00:00.000' AS DateTime), CAST(N'2021-03-31T00:00:00.000' AS DateTime))
GO
INSERT [dbo].[DropDown] ([DropDownID], [Category], [Text], [Value], [Info], [StartDate], [EndDate]) VALUES (5, N'Session', N'2021-2022', 4, NULL, CAST(N'2021-04-01T00:00:00.000' AS DateTime), CAST(N'2022-03-31T00:00:00.000' AS DateTime))
GO
INSERT [dbo].[DropDown] ([DropDownID], [Category], [Text], [Value], [Info], [StartDate], [EndDate]) VALUES (7, N'Session', N'2022-2023', 5, NULL, CAST(N'2022-04-01T00:00:00.000' AS DateTime), CAST(N'2023-03-31T00:00:00.000' AS DateTime))
GO
INSERT [dbo].[DropDown] ([DropDownID], [Category], [Text], [Value], [Info], [StartDate], [EndDate]) VALUES (10, N'Session', N'2023-2024', 6, NULL, CAST(N'2023-04-01T00:00:00.000' AS DateTime), CAST(N'2024-03-31T00:00:00.000' AS DateTime))
GO
INSERT [dbo].[DropDown] ([DropDownID], [Category], [Text], [Value], [Info], [StartDate], [EndDate]) VALUES (11, N'Session', N'2024-2025', 7, NULL, CAST(N'2024-04-01T00:00:00.000' AS DateTime), CAST(N'2025-03-31T00:00:00.000' AS DateTime))
GO
INSERT [dbo].[DropDown] ([DropDownID], [Category], [Text], [Value], [Info], [StartDate], [EndDate]) VALUES (12, N'Class', N'Class 1', 1, NULL, NULL, NULL)
GO
INSERT [dbo].[DropDown] ([DropDownID], [Category], [Text], [Value], [Info], [StartDate], [EndDate]) VALUES (13, N'Class', N'Class 2', 2, NULL, NULL, NULL)
GO
INSERT [dbo].[DropDown] ([DropDownID], [Category], [Text], [Value], [Info], [StartDate], [EndDate]) VALUES (14, N'Class', N'Class 3', 3, NULL, NULL, NULL)
GO
INSERT [dbo].[DropDown] ([DropDownID], [Category], [Text], [Value], [Info], [StartDate], [EndDate]) VALUES (15, N'Class', N'Class 4', 4, NULL, NULL, NULL)
GO
INSERT [dbo].[DropDown] ([DropDownID], [Category], [Text], [Value], [Info], [StartDate], [EndDate]) VALUES (16, N'Class', N'Class 5', 5, NULL, NULL, NULL)
GO
INSERT [dbo].[DropDown] ([DropDownID], [Category], [Text], [Value], [Info], [StartDate], [EndDate]) VALUES (17, N'Class', N'Class 6', 6, NULL, NULL, NULL)
GO
INSERT [dbo].[DropDown] ([DropDownID], [Category], [Text], [Value], [Info], [StartDate], [EndDate]) VALUES (18, N'Class', N'Class 7', 7, NULL, NULL, NULL)
GO
INSERT [dbo].[DropDown] ([DropDownID], [Category], [Text], [Value], [Info], [StartDate], [EndDate]) VALUES (19, N'Class', N'Class 8', 8, NULL, NULL, NULL)
GO
INSERT [dbo].[DropDown] ([DropDownID], [Category], [Text], [Value], [Info], [StartDate], [EndDate]) VALUES (20, N'Class', N'Class 9', 9, NULL, NULL, NULL)
GO
INSERT [dbo].[DropDown] ([DropDownID], [Category], [Text], [Value], [Info], [StartDate], [EndDate]) VALUES (21, N'Class', N'Class 10', 10, NULL, NULL, NULL)
GO
INSERT [dbo].[DropDown] ([DropDownID], [Category], [Text], [Value], [Info], [StartDate], [EndDate]) VALUES (22, N'Class', N'Class 11', 11, NULL, NULL, NULL)
GO
INSERT [dbo].[DropDown] ([DropDownID], [Category], [Text], [Value], [Info], [StartDate], [EndDate]) VALUES (23, N'Class', N'Class 12', 12, NULL, NULL, NULL)
GO
INSERT [dbo].[DropDown] ([DropDownID], [Category], [Text], [Value], [Info], [StartDate], [EndDate]) VALUES (24, N'UserDocument', N'Birth Certificate', 1, NULL, NULL, NULL)
GO
INSERT [dbo].[DropDown] ([DropDownID], [Category], [Text], [Value], [Info], [StartDate], [EndDate]) VALUES (25, N'UserDocument', N'Transfer Certificate', 3, NULL, NULL, NULL)
GO
INSERT [dbo].[DropDown] ([DropDownID], [Category], [Text], [Value], [Info], [StartDate], [EndDate]) VALUES (27, N'UserDocument', N'Photo', 2, NULL, NULL, NULL)
GO
INSERT [dbo].[DropDown] ([DropDownID], [Category], [Text], [Value], [Info], [StartDate], [EndDate]) VALUES (29, N'Subject', N'Maths', 1, NULL, NULL, NULL)
GO
INSERT [dbo].[DropDown] ([DropDownID], [Category], [Text], [Value], [Info], [StartDate], [EndDate]) VALUES (30, N'Subject', N'science', 2, NULL, NULL, NULL)
GO
INSERT [dbo].[DropDown] ([DropDownID], [Category], [Text], [Value], [Info], [StartDate], [EndDate]) VALUES (31, N'Subject', N'English', 3, NULL, NULL, NULL)
GO
INSERT [dbo].[DropDown] ([DropDownID], [Category], [Text], [Value], [Info], [StartDate], [EndDate]) VALUES (32, N'Subject', N'Hindi', 4, NULL, NULL, NULL)
GO
INSERT [dbo].[DropDown] ([DropDownID], [Category], [Text], [Value], [Info], [StartDate], [EndDate]) VALUES (33, N'Subject', N'EVS', 5, NULL, NULL, NULL)
GO
INSERT [dbo].[DropDown] ([DropDownID], [Category], [Text], [Value], [Info], [StartDate], [EndDate]) VALUES (34, N'ExamType', N'First Quater', 1, NULL, NULL, NULL)
GO
INSERT [dbo].[DropDown] ([DropDownID], [Category], [Text], [Value], [Info], [StartDate], [EndDate]) VALUES (35, N'ExamType', N'Half Yearly', 2, NULL, NULL, NULL)
GO
INSERT [dbo].[DropDown] ([DropDownID], [Category], [Text], [Value], [Info], [StartDate], [EndDate]) VALUES (36, N'ExamType', N'Third Quater', 3, NULL, NULL, NULL)
GO
INSERT [dbo].[DropDown] ([DropDownID], [Category], [Text], [Value], [Info], [StartDate], [EndDate]) VALUES (37, N'ExamType', N'Annual', 4, NULL, NULL, NULL)
GO
INSERT [dbo].[DropDown] ([DropDownID], [Category], [Text], [Value], [Info], [StartDate], [EndDate]) VALUES (38, N'StudentPromotionalStatus', N'Promoted', 1, NULL, NULL, NULL)
GO
INSERT [dbo].[DropDown] ([DropDownID], [Category], [Text], [Value], [Info], [StartDate], [EndDate]) VALUES (39, N'StudentPromotionalStatus', N'Failed', 2, NULL, NULL, NULL)
GO
INSERT [dbo].[DropDown] ([DropDownID], [Category], [Text], [Value], [Info], [StartDate], [EndDate]) VALUES (40, N'StudentPromotionalStatus', N'Promoted Backend', 3, NULL, NULL, NULL)
GO
SET IDENTITY_INSERT [dbo].[DropDown] OFF
GO
SET IDENTITY_INSERT [dbo].[Roles] ON 
GO
INSERT [dbo].[Roles] ([RoleID], [Rolename]) VALUES (1, N'Teacher')
GO
INSERT [dbo].[Roles] ([RoleID], [Rolename]) VALUES (2, N'Student')
GO
INSERT [dbo].[Roles] ([RoleID], [Rolename]) VALUES (3, N'Admin')
GO
INSERT [dbo].[Roles] ([RoleID], [Rolename]) VALUES (4, N'Other Staff')
GO
SET IDENTITY_INSERT [dbo].[Roles] OFF
GO
SET IDENTITY_INSERT [dbo].[SessionExam] ON 
GO
INSERT [dbo].[SessionExam] ([ID], [ExamTypeID], [SessionID], [ClassID], [SubjectID], [TotalMarks], [CreatedOn], [UpdatedOn], [CreatedBy], [UpdatedBy], [SessionName], [ClassName], [SubjectName]) VALUES (10, 1, 5, 3, 1, 100, CAST(N'2022-11-23T23:36:13.650' AS DateTime), NULL, 0, 0, N'2022-2023', N'Class 3', N'Maths')
GO
INSERT [dbo].[SessionExam] ([ID], [ExamTypeID], [SessionID], [ClassID], [SubjectID], [TotalMarks], [CreatedOn], [UpdatedOn], [CreatedBy], [UpdatedBy], [SessionName], [ClassName], [SubjectName]) VALUES (11, 1, 5, 3, 2, 100, CAST(N'2022-11-23T23:39:54.657' AS DateTime), NULL, 0, 0, N'2022-2023', N'Class 3', N'science')
GO
INSERT [dbo].[SessionExam] ([ID], [ExamTypeID], [SessionID], [ClassID], [SubjectID], [TotalMarks], [CreatedOn], [UpdatedOn], [CreatedBy], [UpdatedBy], [SessionName], [ClassName], [SubjectName]) VALUES (12, 1, 5, 3, 3, 100, CAST(N'2022-11-23T23:50:09.627' AS DateTime), NULL, 0, 0, N'2022-2023', N'Class 3', N'English')
GO
INSERT [dbo].[SessionExam] ([ID], [ExamTypeID], [SessionID], [ClassID], [SubjectID], [TotalMarks], [CreatedOn], [UpdatedOn], [CreatedBy], [UpdatedBy], [SessionName], [ClassName], [SubjectName]) VALUES (13, 1, 5, 3, 4, 100, CAST(N'2022-11-23T23:51:48.317' AS DateTime), NULL, 0, 0, N'2022-2023', N'Class 3', N'Hindi')
GO
INSERT [dbo].[SessionExam] ([ID], [ExamTypeID], [SessionID], [ClassID], [SubjectID], [TotalMarks], [CreatedOn], [UpdatedOn], [CreatedBy], [UpdatedBy], [SessionName], [ClassName], [SubjectName]) VALUES (14, 1, 5, 3, 5, 100, CAST(N'2022-11-23T23:53:08.457' AS DateTime), NULL, 0, 0, N'2022-2023', N'Class 3', N'EVS')
GO
INSERT [dbo].[SessionExam] ([ID], [ExamTypeID], [SessionID], [ClassID], [SubjectID], [TotalMarks], [CreatedOn], [UpdatedOn], [CreatedBy], [UpdatedBy], [SessionName], [ClassName], [SubjectName]) VALUES (22, 2, 5, 4, 2, 100, CAST(N'2022-11-24T22:58:06.937' AS DateTime), NULL, 0, 0, N'2022-2023', N'Class 4', N'science')
GO
INSERT [dbo].[SessionExam] ([ID], [ExamTypeID], [SessionID], [ClassID], [SubjectID], [TotalMarks], [CreatedOn], [UpdatedOn], [CreatedBy], [UpdatedBy], [SessionName], [ClassName], [SubjectName]) VALUES (23, 2, 5, 3, 2, 100, CAST(N'2022-11-24T23:06:29.503' AS DateTime), NULL, 0, 0, N'2022-2023', N'Class 3', N'science')
GO
SET IDENTITY_INSERT [dbo].[SessionExam] OFF
GO
SET IDENTITY_INSERT [dbo].[StudentExamPerformance] ON 
GO
INSERT [dbo].[StudentExamPerformance] ([ID], [SessionExamID], [RegistrationID], [StudentName], [MarksAcquired], [MarksAcquiredOnCreation], [CreatedOn], [UpdatedOn], [CreatedBy], [UpdatedBy], [TotalMarks]) VALUES (17, 10, 17, N'aarti', 76, 0, CAST(N'2022-11-23T23:36:54.823' AS DateTime), CAST(N'2022-11-23T23:37:08.467' AS DateTime), 6, 6, 0)
GO
INSERT [dbo].[StudentExamPerformance] ([ID], [SessionExamID], [RegistrationID], [StudentName], [MarksAcquired], [MarksAcquiredOnCreation], [CreatedOn], [UpdatedOn], [CreatedBy], [UpdatedBy], [TotalMarks]) VALUES (18, 10, 18, N'aartiy sakar', 45, 0, CAST(N'2022-11-23T23:38:26.147' AS DateTime), CAST(N'2022-11-23T23:38:26.147' AS DateTime), 6, 6, 0)
GO
INSERT [dbo].[StudentExamPerformance] ([ID], [SessionExamID], [RegistrationID], [StudentName], [MarksAcquired], [MarksAcquiredOnCreation], [CreatedOn], [UpdatedOn], [CreatedBy], [UpdatedBy], [TotalMarks]) VALUES (19, 10, 19, N'ghiy sakar', 74, 0, CAST(N'2022-11-23T23:38:34.727' AS DateTime), CAST(N'2022-11-23T23:38:34.727' AS DateTime), 6, 6, 0)
GO
INSERT [dbo].[StudentExamPerformance] ([ID], [SessionExamID], [RegistrationID], [StudentName], [MarksAcquired], [MarksAcquiredOnCreation], [CreatedOn], [UpdatedOn], [CreatedBy], [UpdatedBy], [TotalMarks]) VALUES (20, 10, 27, N'name', 89, 0, CAST(N'2022-11-23T23:38:40.227' AS DateTime), CAST(N'2022-11-23T23:38:40.227' AS DateTime), 6, 6, 0)
GO
INSERT [dbo].[StudentExamPerformance] ([ID], [SessionExamID], [RegistrationID], [StudentName], [MarksAcquired], [MarksAcquiredOnCreation], [CreatedOn], [UpdatedOn], [CreatedBy], [UpdatedBy], [TotalMarks]) VALUES (21, 10, 28, N'gffyf', 45, 0, CAST(N'2022-11-23T23:38:47.170' AS DateTime), CAST(N'2022-11-23T23:38:47.170' AS DateTime), 6, 6, 0)
GO
INSERT [dbo].[StudentExamPerformance] ([ID], [SessionExamID], [RegistrationID], [StudentName], [MarksAcquired], [MarksAcquiredOnCreation], [CreatedOn], [UpdatedOn], [CreatedBy], [UpdatedBy], [TotalMarks]) VALUES (22, 10, 29, N'gffyf', 67, 0, CAST(N'2022-11-23T23:38:56.250' AS DateTime), CAST(N'2022-11-23T23:39:11.303' AS DateTime), 6, 6, 0)
GO
INSERT [dbo].[StudentExamPerformance] ([ID], [SessionExamID], [RegistrationID], [StudentName], [MarksAcquired], [MarksAcquiredOnCreation], [CreatedOn], [UpdatedOn], [CreatedBy], [UpdatedBy], [TotalMarks]) VALUES (23, 10, 30, N'gffyf', 34, 0, CAST(N'2022-11-23T23:39:35.830' AS DateTime), CAST(N'2022-11-23T23:39:35.830' AS DateTime), 6, 6, 0)
GO
INSERT [dbo].[StudentExamPerformance] ([ID], [SessionExamID], [RegistrationID], [StudentName], [MarksAcquired], [MarksAcquiredOnCreation], [CreatedOn], [UpdatedOn], [CreatedBy], [UpdatedBy], [TotalMarks]) VALUES (24, 11, 17, N'aarti', 56, 0, CAST(N'2022-11-23T23:39:59.767' AS DateTime), CAST(N'2022-11-23T23:39:59.767' AS DateTime), 6, 6, 0)
GO
INSERT [dbo].[StudentExamPerformance] ([ID], [SessionExamID], [RegistrationID], [StudentName], [MarksAcquired], [MarksAcquiredOnCreation], [CreatedOn], [UpdatedOn], [CreatedBy], [UpdatedBy], [TotalMarks]) VALUES (25, 11, 18, N'aartiy sakar', 56, 0, CAST(N'2022-11-23T23:40:07.380' AS DateTime), CAST(N'2022-11-23T23:40:07.380' AS DateTime), 6, 6, 0)
GO
INSERT [dbo].[StudentExamPerformance] ([ID], [SessionExamID], [RegistrationID], [StudentName], [MarksAcquired], [MarksAcquiredOnCreation], [CreatedOn], [UpdatedOn], [CreatedBy], [UpdatedBy], [TotalMarks]) VALUES (26, 11, 28, N'gffyf', 74, 0, CAST(N'2022-11-23T23:48:39.920' AS DateTime), CAST(N'2022-11-23T23:48:48.987' AS DateTime), 6, 6, 0)
GO
INSERT [dbo].[StudentExamPerformance] ([ID], [SessionExamID], [RegistrationID], [StudentName], [MarksAcquired], [MarksAcquiredOnCreation], [CreatedOn], [UpdatedOn], [CreatedBy], [UpdatedBy], [TotalMarks]) VALUES (27, 11, 29, N'gffyf', 34, 0, CAST(N'2022-11-23T23:48:59.413' AS DateTime), CAST(N'2022-11-23T23:48:59.413' AS DateTime), 6, 6, 0)
GO
INSERT [dbo].[StudentExamPerformance] ([ID], [SessionExamID], [RegistrationID], [StudentName], [MarksAcquired], [MarksAcquiredOnCreation], [CreatedOn], [UpdatedOn], [CreatedBy], [UpdatedBy], [TotalMarks]) VALUES (28, 11, 30, N'gffyf', 79, 0, CAST(N'2022-11-23T23:49:08.937' AS DateTime), CAST(N'2022-11-23T23:49:08.937' AS DateTime), 6, 6, 0)
GO
INSERT [dbo].[StudentExamPerformance] ([ID], [SessionExamID], [RegistrationID], [StudentName], [MarksAcquired], [MarksAcquiredOnCreation], [CreatedOn], [UpdatedOn], [CreatedBy], [UpdatedBy], [TotalMarks]) VALUES (29, 11, 19, N'ghiy sakar', 90, 0, CAST(N'2022-11-23T23:49:17.073' AS DateTime), CAST(N'2022-11-23T23:49:17.073' AS DateTime), 6, 6, 0)
GO
INSERT [dbo].[StudentExamPerformance] ([ID], [SessionExamID], [RegistrationID], [StudentName], [MarksAcquired], [MarksAcquiredOnCreation], [CreatedOn], [UpdatedOn], [CreatedBy], [UpdatedBy], [TotalMarks]) VALUES (30, 11, 27, N'name', 34, 0, CAST(N'2022-11-23T23:49:23.503' AS DateTime), CAST(N'2022-11-23T23:49:23.503' AS DateTime), 6, 6, 0)
GO
INSERT [dbo].[StudentExamPerformance] ([ID], [SessionExamID], [RegistrationID], [StudentName], [MarksAcquired], [MarksAcquiredOnCreation], [CreatedOn], [UpdatedOn], [CreatedBy], [UpdatedBy], [TotalMarks]) VALUES (31, 12, 17, N'aarti', 45, 0, CAST(N'2022-11-23T23:50:20.197' AS DateTime), CAST(N'2022-11-23T23:50:20.197' AS DateTime), 6, 6, 0)
GO
INSERT [dbo].[StudentExamPerformance] ([ID], [SessionExamID], [RegistrationID], [StudentName], [MarksAcquired], [MarksAcquiredOnCreation], [CreatedOn], [UpdatedOn], [CreatedBy], [UpdatedBy], [TotalMarks]) VALUES (32, 12, 18, N'aartiy sakar', 67, 0, CAST(N'2022-11-23T23:50:26.353' AS DateTime), CAST(N'2022-11-23T23:50:26.353' AS DateTime), 6, 6, 0)
GO
INSERT [dbo].[StudentExamPerformance] ([ID], [SessionExamID], [RegistrationID], [StudentName], [MarksAcquired], [MarksAcquiredOnCreation], [CreatedOn], [UpdatedOn], [CreatedBy], [UpdatedBy], [TotalMarks]) VALUES (33, 12, 19, N'ghiy sakar', 87, 0, CAST(N'2022-11-23T23:50:35.547' AS DateTime), CAST(N'2022-11-23T23:50:35.547' AS DateTime), 6, 6, 0)
GO
INSERT [dbo].[StudentExamPerformance] ([ID], [SessionExamID], [RegistrationID], [StudentName], [MarksAcquired], [MarksAcquiredOnCreation], [CreatedOn], [UpdatedOn], [CreatedBy], [UpdatedBy], [TotalMarks]) VALUES (34, 12, 27, N'name', 65, 0, CAST(N'2022-11-23T23:50:42.583' AS DateTime), CAST(N'2022-11-23T23:50:42.583' AS DateTime), 6, 6, 0)
GO
INSERT [dbo].[StudentExamPerformance] ([ID], [SessionExamID], [RegistrationID], [StudentName], [MarksAcquired], [MarksAcquiredOnCreation], [CreatedOn], [UpdatedOn], [CreatedBy], [UpdatedBy], [TotalMarks]) VALUES (35, 12, 28, N'gffyf', 90, 0, CAST(N'2022-11-23T23:50:52.120' AS DateTime), CAST(N'2022-11-23T23:50:52.120' AS DateTime), 6, 6, 0)
GO
INSERT [dbo].[StudentExamPerformance] ([ID], [SessionExamID], [RegistrationID], [StudentName], [MarksAcquired], [MarksAcquiredOnCreation], [CreatedOn], [UpdatedOn], [CreatedBy], [UpdatedBy], [TotalMarks]) VALUES (36, 12, 29, N'gffyf', 86, 0, CAST(N'2022-11-23T23:51:03.693' AS DateTime), CAST(N'2022-11-23T23:51:03.693' AS DateTime), 6, 6, 0)
GO
INSERT [dbo].[StudentExamPerformance] ([ID], [SessionExamID], [RegistrationID], [StudentName], [MarksAcquired], [MarksAcquiredOnCreation], [CreatedOn], [UpdatedOn], [CreatedBy], [UpdatedBy], [TotalMarks]) VALUES (37, 12, 30, N'gffyf', 67, 0, CAST(N'2022-11-23T23:51:31.320' AS DateTime), CAST(N'2022-11-23T23:51:31.320' AS DateTime), 6, 6, 0)
GO
INSERT [dbo].[StudentExamPerformance] ([ID], [SessionExamID], [RegistrationID], [StudentName], [MarksAcquired], [MarksAcquiredOnCreation], [CreatedOn], [UpdatedOn], [CreatedBy], [UpdatedBy], [TotalMarks]) VALUES (38, 13, 17, N'aarti', 67, 0, CAST(N'2022-11-23T23:51:52.790' AS DateTime), CAST(N'2022-11-23T23:51:52.790' AS DateTime), 6, 6, 0)
GO
INSERT [dbo].[StudentExamPerformance] ([ID], [SessionExamID], [RegistrationID], [StudentName], [MarksAcquired], [MarksAcquiredOnCreation], [CreatedOn], [UpdatedOn], [CreatedBy], [UpdatedBy], [TotalMarks]) VALUES (39, 13, 18, N'aartiy sakar', 34, 0, CAST(N'2022-11-23T23:52:03.853' AS DateTime), CAST(N'2022-11-23T23:52:03.853' AS DateTime), 6, 6, 0)
GO
INSERT [dbo].[StudentExamPerformance] ([ID], [SessionExamID], [RegistrationID], [StudentName], [MarksAcquired], [MarksAcquiredOnCreation], [CreatedOn], [UpdatedOn], [CreatedBy], [UpdatedBy], [TotalMarks]) VALUES (40, 13, 19, N'ghiy sakar', 78, 0, CAST(N'2022-11-23T23:52:11.303' AS DateTime), CAST(N'2022-11-23T23:52:11.303' AS DateTime), 6, 6, 0)
GO
INSERT [dbo].[StudentExamPerformance] ([ID], [SessionExamID], [RegistrationID], [StudentName], [MarksAcquired], [MarksAcquiredOnCreation], [CreatedOn], [UpdatedOn], [CreatedBy], [UpdatedBy], [TotalMarks]) VALUES (41, 13, 27, N'name', 24, 0, CAST(N'2022-11-23T23:52:19.577' AS DateTime), CAST(N'2022-11-23T23:52:19.577' AS DateTime), 6, 6, 0)
GO
INSERT [dbo].[StudentExamPerformance] ([ID], [SessionExamID], [RegistrationID], [StudentName], [MarksAcquired], [MarksAcquiredOnCreation], [CreatedOn], [UpdatedOn], [CreatedBy], [UpdatedBy], [TotalMarks]) VALUES (42, 13, 28, N'gffyf', 90, 0, CAST(N'2022-11-23T23:52:30.740' AS DateTime), CAST(N'2022-11-23T23:52:30.740' AS DateTime), 6, 6, 0)
GO
INSERT [dbo].[StudentExamPerformance] ([ID], [SessionExamID], [RegistrationID], [StudentName], [MarksAcquired], [MarksAcquiredOnCreation], [CreatedOn], [UpdatedOn], [CreatedBy], [UpdatedBy], [TotalMarks]) VALUES (43, 13, 29, N'gffyf', 34, 0, CAST(N'2022-11-23T23:52:38.027' AS DateTime), CAST(N'2022-11-23T23:52:38.027' AS DateTime), 6, 6, 0)
GO
INSERT [dbo].[StudentExamPerformance] ([ID], [SessionExamID], [RegistrationID], [StudentName], [MarksAcquired], [MarksAcquiredOnCreation], [CreatedOn], [UpdatedOn], [CreatedBy], [UpdatedBy], [TotalMarks]) VALUES (44, 13, 30, N'gffyf', 75, 0, CAST(N'2022-11-23T23:52:46.527' AS DateTime), CAST(N'2022-11-23T23:52:46.527' AS DateTime), 6, 6, 0)
GO
INSERT [dbo].[StudentExamPerformance] ([ID], [SessionExamID], [RegistrationID], [StudentName], [MarksAcquired], [MarksAcquiredOnCreation], [CreatedOn], [UpdatedOn], [CreatedBy], [UpdatedBy], [TotalMarks]) VALUES (45, 14, 17, N'aarti', 56, 0, CAST(N'2022-11-23T23:53:13.083' AS DateTime), CAST(N'2022-11-23T23:53:13.083' AS DateTime), 6, 6, 0)
GO
INSERT [dbo].[StudentExamPerformance] ([ID], [SessionExamID], [RegistrationID], [StudentName], [MarksAcquired], [MarksAcquiredOnCreation], [CreatedOn], [UpdatedOn], [CreatedBy], [UpdatedBy], [TotalMarks]) VALUES (46, 14, 18, N'aartiy sakar', 67, 0, CAST(N'2022-11-23T23:53:19.860' AS DateTime), CAST(N'2022-11-23T23:53:19.860' AS DateTime), 6, 6, 0)
GO
INSERT [dbo].[StudentExamPerformance] ([ID], [SessionExamID], [RegistrationID], [StudentName], [MarksAcquired], [MarksAcquiredOnCreation], [CreatedOn], [UpdatedOn], [CreatedBy], [UpdatedBy], [TotalMarks]) VALUES (47, 14, 19, N'ghiy sakar', 28, 0, CAST(N'2022-11-23T23:53:27.540' AS DateTime), CAST(N'2022-11-23T23:53:27.540' AS DateTime), 6, 6, 0)
GO
INSERT [dbo].[StudentExamPerformance] ([ID], [SessionExamID], [RegistrationID], [StudentName], [MarksAcquired], [MarksAcquiredOnCreation], [CreatedOn], [UpdatedOn], [CreatedBy], [UpdatedBy], [TotalMarks]) VALUES (48, 14, 27, N'name', 79, 0, CAST(N'2022-11-23T23:53:34.600' AS DateTime), CAST(N'2022-11-23T23:53:34.600' AS DateTime), 6, 6, 0)
GO
INSERT [dbo].[StudentExamPerformance] ([ID], [SessionExamID], [RegistrationID], [StudentName], [MarksAcquired], [MarksAcquiredOnCreation], [CreatedOn], [UpdatedOn], [CreatedBy], [UpdatedBy], [TotalMarks]) VALUES (49, 14, 28, N'gffyf', 53, 0, CAST(N'2022-11-23T23:53:41.860' AS DateTime), CAST(N'2022-11-23T23:53:41.860' AS DateTime), 6, 6, 0)
GO
INSERT [dbo].[StudentExamPerformance] ([ID], [SessionExamID], [RegistrationID], [StudentName], [MarksAcquired], [MarksAcquiredOnCreation], [CreatedOn], [UpdatedOn], [CreatedBy], [UpdatedBy], [TotalMarks]) VALUES (75, 22, 20, N'patar', 67, 0, CAST(N'2022-11-24T22:59:03.197' AS DateTime), CAST(N'2022-11-24T22:59:03.197' AS DateTime), 6, 6, 0)
GO
INSERT [dbo].[StudentExamPerformance] ([ID], [SessionExamID], [RegistrationID], [StudentName], [MarksAcquired], [MarksAcquiredOnCreation], [CreatedOn], [UpdatedOn], [CreatedBy], [UpdatedBy], [TotalMarks]) VALUES (76, 22, 21, N'patar gii', 45, 0, CAST(N'2022-11-24T22:59:09.953' AS DateTime), CAST(N'2022-11-24T22:59:09.953' AS DateTime), 6, 6, 0)
GO
INSERT [dbo].[StudentExamPerformance] ([ID], [SessionExamID], [RegistrationID], [StudentName], [MarksAcquired], [MarksAcquiredOnCreation], [CreatedOn], [UpdatedOn], [CreatedBy], [UpdatedBy], [TotalMarks]) VALUES (77, 22, 22, N'pataryyy gii', 89, 0, CAST(N'2022-11-24T22:59:15.150' AS DateTime), CAST(N'2022-11-24T22:59:15.150' AS DateTime), 6, 6, 0)
GO
INSERT [dbo].[StudentExamPerformance] ([ID], [SessionExamID], [RegistrationID], [StudentName], [MarksAcquired], [MarksAcquiredOnCreation], [CreatedOn], [UpdatedOn], [CreatedBy], [UpdatedBy], [TotalMarks]) VALUES (78, 22, 23, N'rrrrrr gii', 0, 0, CAST(N'2022-11-24T22:59:19.827' AS DateTime), CAST(N'2022-11-24T22:59:19.827' AS DateTime), 6, 0, 0)
GO
INSERT [dbo].[StudentExamPerformance] ([ID], [SessionExamID], [RegistrationID], [StudentName], [MarksAcquired], [MarksAcquiredOnCreation], [CreatedOn], [UpdatedOn], [CreatedBy], [UpdatedBy], [TotalMarks]) VALUES (79, 23, 17, N'aarti', 78, 0, CAST(N'2022-11-24T23:06:34.023' AS DateTime), CAST(N'2022-11-24T23:06:34.023' AS DateTime), 6, 6, 0)
GO
INSERT [dbo].[StudentExamPerformance] ([ID], [SessionExamID], [RegistrationID], [StudentName], [MarksAcquired], [MarksAcquiredOnCreation], [CreatedOn], [UpdatedOn], [CreatedBy], [UpdatedBy], [TotalMarks]) VALUES (80, 23, 18, N'aartiy sakar', 90, 0, CAST(N'2022-11-24T23:06:40.337' AS DateTime), CAST(N'2022-11-24T23:06:40.337' AS DateTime), 6, 6, 0)
GO
INSERT [dbo].[StudentExamPerformance] ([ID], [SessionExamID], [RegistrationID], [StudentName], [MarksAcquired], [MarksAcquiredOnCreation], [CreatedOn], [UpdatedOn], [CreatedBy], [UpdatedBy], [TotalMarks]) VALUES (81, 23, 19, N'ghiy sakar', 23, 0, CAST(N'2022-11-24T23:06:46.427' AS DateTime), CAST(N'2022-11-24T23:06:46.427' AS DateTime), 6, 6, 0)
GO
INSERT [dbo].[StudentExamPerformance] ([ID], [SessionExamID], [RegistrationID], [StudentName], [MarksAcquired], [MarksAcquiredOnCreation], [CreatedOn], [UpdatedOn], [CreatedBy], [UpdatedBy], [TotalMarks]) VALUES (82, 23, 27, N'name', 90, 0, CAST(N'2022-11-24T23:06:54.763' AS DateTime), CAST(N'2022-11-24T23:06:54.763' AS DateTime), 6, 6, 0)
GO
INSERT [dbo].[StudentExamPerformance] ([ID], [SessionExamID], [RegistrationID], [StudentName], [MarksAcquired], [MarksAcquiredOnCreation], [CreatedOn], [UpdatedOn], [CreatedBy], [UpdatedBy], [TotalMarks]) VALUES (83, 23, 28, N'gffyf', 89, 0, CAST(N'2022-11-24T23:07:03.453' AS DateTime), CAST(N'2022-11-24T23:07:03.453' AS DateTime), 6, 6, 0)
GO
INSERT [dbo].[StudentExamPerformance] ([ID], [SessionExamID], [RegistrationID], [StudentName], [MarksAcquired], [MarksAcquiredOnCreation], [CreatedOn], [UpdatedOn], [CreatedBy], [UpdatedBy], [TotalMarks]) VALUES (84, 23, 29, N'gffyf', 73, 0, CAST(N'2022-11-24T23:07:13.667' AS DateTime), CAST(N'2022-11-24T23:07:13.667' AS DateTime), 6, 6, 0)
GO
INSERT [dbo].[StudentExamPerformance] ([ID], [SessionExamID], [RegistrationID], [StudentName], [MarksAcquired], [MarksAcquiredOnCreation], [CreatedOn], [UpdatedOn], [CreatedBy], [UpdatedBy], [TotalMarks]) VALUES (85, 23, 30, N'gffyf', 98, 0, CAST(N'2022-11-24T23:07:21.267' AS DateTime), CAST(N'2022-11-24T23:07:21.267' AS DateTime), 6, 6, 0)
GO
SET IDENTITY_INSERT [dbo].[StudentExamPerformance] OFF
GO
SET IDENTITY_INSERT [dbo].[Tbl_StudentSessionDetails] ON 
GO
INSERT [dbo].[Tbl_StudentSessionDetails] ([ID], [RegistrationID], [Name], [SessionID], [ClassID], [PromotionStatus], [IsBackDateUpdation], [RollNo], [UpdatedBy], [CreatedDate], [IsDeleted]) VALUES (4, 12, N'S1', 2, 5, 1, 0, 0, NULL, NULL, 0)
GO
INSERT [dbo].[Tbl_StudentSessionDetails] ([ID], [RegistrationID], [Name], [SessionID], [ClassID], [PromotionStatus], [IsBackDateUpdation], [RollNo], [UpdatedBy], [CreatedDate], [IsDeleted]) VALUES (5, 12, N'S1', 3, 6, 1, 0, 0, NULL, NULL, 0)
GO
INSERT [dbo].[Tbl_StudentSessionDetails] ([ID], [RegistrationID], [Name], [SessionID], [ClassID], [PromotionStatus], [IsBackDateUpdation], [RollNo], [UpdatedBy], [CreatedDate], [IsDeleted]) VALUES (6, 12, N'S1', 4, 7, 1, 0, 0, NULL, NULL, 0)
GO
INSERT [dbo].[Tbl_StudentSessionDetails] ([ID], [RegistrationID], [Name], [SessionID], [ClassID], [PromotionStatus], [IsBackDateUpdation], [RollNo], [UpdatedBy], [CreatedDate], [IsDeleted]) VALUES (7, 12, N'S1', 5, 8, 1, 0, 0, NULL, NULL, 0)
GO
INSERT [dbo].[Tbl_StudentSessionDetails] ([ID], [RegistrationID], [Name], [SessionID], [ClassID], [PromotionStatus], [IsBackDateUpdation], [RollNo], [UpdatedBy], [CreatedDate], [IsDeleted]) VALUES (8, 13, N'S2', 5, 8, 1, 0, 0, NULL, NULL, 0)
GO
INSERT [dbo].[Tbl_StudentSessionDetails] ([ID], [RegistrationID], [Name], [SessionID], [ClassID], [PromotionStatus], [IsBackDateUpdation], [RollNo], [UpdatedBy], [CreatedDate], [IsDeleted]) VALUES (11, 17, N'aarti', 5, 3, 2, 0, 0, NULL, CAST(N'2022-11-07T07:28:50.520' AS DateTime), 0)
GO
INSERT [dbo].[Tbl_StudentSessionDetails] ([ID], [RegistrationID], [Name], [SessionID], [ClassID], [PromotionStatus], [IsBackDateUpdation], [RollNo], [UpdatedBy], [CreatedDate], [IsDeleted]) VALUES (12, 18, N'aartiy sakar', 5, 3, 2, 0, 0, NULL, CAST(N'2022-11-07T07:29:27.633' AS DateTime), 0)
GO
INSERT [dbo].[Tbl_StudentSessionDetails] ([ID], [RegistrationID], [Name], [SessionID], [ClassID], [PromotionStatus], [IsBackDateUpdation], [RollNo], [UpdatedBy], [CreatedDate], [IsDeleted]) VALUES (13, 19, N'ghiy sakar', 5, 3, 2, 0, 0, NULL, CAST(N'2022-11-07T07:31:36.040' AS DateTime), 0)
GO
INSERT [dbo].[Tbl_StudentSessionDetails] ([ID], [RegistrationID], [Name], [SessionID], [ClassID], [PromotionStatus], [IsBackDateUpdation], [RollNo], [UpdatedBy], [CreatedDate], [IsDeleted]) VALUES (14, 20, N'patar', 5, 4, 2, 0, 0, NULL, CAST(N'2022-11-07T07:53:05.577' AS DateTime), 0)
GO
INSERT [dbo].[Tbl_StudentSessionDetails] ([ID], [RegistrationID], [Name], [SessionID], [ClassID], [PromotionStatus], [IsBackDateUpdation], [RollNo], [UpdatedBy], [CreatedDate], [IsDeleted]) VALUES (15, 21, N'patar gii', 5, 4, 2, 0, 0, NULL, CAST(N'2022-11-07T07:58:16.920' AS DateTime), 0)
GO
INSERT [dbo].[Tbl_StudentSessionDetails] ([ID], [RegistrationID], [Name], [SessionID], [ClassID], [PromotionStatus], [IsBackDateUpdation], [RollNo], [UpdatedBy], [CreatedDate], [IsDeleted]) VALUES (16, 22, N'pataryyy gii', 5, 4, 2, 0, 0, NULL, CAST(N'2022-11-07T07:58:55.240' AS DateTime), 0)
GO
INSERT [dbo].[Tbl_StudentSessionDetails] ([ID], [RegistrationID], [Name], [SessionID], [ClassID], [PromotionStatus], [IsBackDateUpdation], [RollNo], [UpdatedBy], [CreatedDate], [IsDeleted]) VALUES (17, 23, N'rrrrrr gii', 5, 4, 2, 0, 0, NULL, CAST(N'2022-11-07T08:08:01.603' AS DateTime), 0)
GO
INSERT [dbo].[Tbl_StudentSessionDetails] ([ID], [RegistrationID], [Name], [SessionID], [ClassID], [PromotionStatus], [IsBackDateUpdation], [RollNo], [UpdatedBy], [CreatedDate], [IsDeleted]) VALUES (18, 24, N'fffffff', 5, 2, 2, 0, 0, NULL, CAST(N'2022-11-07T19:11:11.453' AS DateTime), 0)
GO
INSERT [dbo].[Tbl_StudentSessionDetails] ([ID], [RegistrationID], [Name], [SessionID], [ClassID], [PromotionStatus], [IsBackDateUpdation], [RollNo], [UpdatedBy], [CreatedDate], [IsDeleted]) VALUES (19, 25, N'fffffff', 5, 2, 2, 0, 0, NULL, CAST(N'2022-11-07T19:14:54.530' AS DateTime), 0)
GO
INSERT [dbo].[Tbl_StudentSessionDetails] ([ID], [RegistrationID], [Name], [SessionID], [ClassID], [PromotionStatus], [IsBackDateUpdation], [RollNo], [UpdatedBy], [CreatedDate], [IsDeleted]) VALUES (20, 26, N'fffffff', 5, 2, 2, 0, 0, NULL, CAST(N'2022-11-07T19:15:26.063' AS DateTime), 0)
GO
INSERT [dbo].[Tbl_StudentSessionDetails] ([ID], [RegistrationID], [Name], [SessionID], [ClassID], [PromotionStatus], [IsBackDateUpdation], [RollNo], [UpdatedBy], [CreatedDate], [IsDeleted]) VALUES (21, 27, N'name', 5, 3, 2, 0, 0, NULL, CAST(N'2022-11-07T19:20:32.463' AS DateTime), 0)
GO
INSERT [dbo].[Tbl_StudentSessionDetails] ([ID], [RegistrationID], [Name], [SessionID], [ClassID], [PromotionStatus], [IsBackDateUpdation], [RollNo], [UpdatedBy], [CreatedDate], [IsDeleted]) VALUES (22, 28, N'gffyf', 5, 3, 2, 0, 0, NULL, CAST(N'2022-11-07T19:35:54.447' AS DateTime), 0)
GO
INSERT [dbo].[Tbl_StudentSessionDetails] ([ID], [RegistrationID], [Name], [SessionID], [ClassID], [PromotionStatus], [IsBackDateUpdation], [RollNo], [UpdatedBy], [CreatedDate], [IsDeleted]) VALUES (23, 29, N'gffyf', 5, 3, 2, 0, 0, NULL, CAST(N'2022-11-07T19:37:11.560' AS DateTime), 0)
GO
INSERT [dbo].[Tbl_StudentSessionDetails] ([ID], [RegistrationID], [Name], [SessionID], [ClassID], [PromotionStatus], [IsBackDateUpdation], [RollNo], [UpdatedBy], [CreatedDate], [IsDeleted]) VALUES (24, 30, N'gffyf', 5, 3, 2, 0, 0, NULL, CAST(N'2022-11-07T19:37:33.150' AS DateTime), 0)
GO
INSERT [dbo].[Tbl_StudentSessionDetails] ([ID], [RegistrationID], [Name], [SessionID], [ClassID], [PromotionStatus], [IsBackDateUpdation], [RollNo], [UpdatedBy], [CreatedDate], [IsDeleted]) VALUES (25, 31, N'set get', 5, 5, 2, 0, 0, NULL, CAST(N'2022-11-07T19:44:42.720' AS DateTime), 0)
GO
SET IDENTITY_INSERT [dbo].[Tbl_StudentSessionDetails] OFF
GO
SET IDENTITY_INSERT [dbo].[tbl_user] ON 
GO
INSERT [dbo].[tbl_user] ([RegistrationID], [Name], [Mobileno], [EmailID], [Username], [Password], [Gender], [Birthdate], [DateofJoining], [Address], [MotherName], [FatherName], [RoleID], [StudentClassID], [CreatedOn], [IsDleted], [JoiningSessionID], [RegistrationNo], [UpdatedOn], [CreatedBy], [UpdatedBy], [UserStatus], [UserStatusRemarks]) VALUES (6, N'SuperAdmin', N'9999999999', N'admin@admin.com', N'Admin', N'tR3Onw5gQLF0r1g5d539oQ==', N'M', CAST(N'2022-10-29T00:00:00.000' AS DateTime), CAST(N'2022-10-29T00:00:00.000' AS DateTime), N'xxx', N'xxx', NULL, 3, NULL, CAST(N'2022-10-29T00:00:00.000' AS DateTime), 0, 5, NULL, CAST(N'1900-01-01T00:00:00.000' AS DateTime), 0, 0, 0, NULL)
GO
INSERT [dbo].[tbl_user] ([RegistrationID], [Name], [Mobileno], [EmailID], [Username], [Password], [Gender], [Birthdate], [DateofJoining], [Address], [MotherName], [FatherName], [RoleID], [StudentClassID], [CreatedOn], [IsDleted], [JoiningSessionID], [RegistrationNo], [UpdatedOn], [CreatedBy], [UpdatedBy], [UserStatus], [UserStatusRemarks]) VALUES (9, N'T1', N'8888888888', N'1eac@tec.com', N'tech', N'tR3Onw5gQLF0r1g5d539oQ==', N'F', CAST(N'2022-10-29T00:00:00.000' AS DateTime), CAST(N'2022-10-29T00:00:00.000' AS DateTime), N'xxx', NULL, NULL, 1, NULL, CAST(N'2022-10-29T00:00:00.000' AS DateTime), 0, 5, NULL, CAST(N'1900-01-01T00:00:00.000' AS DateTime), 0, 0, 0, NULL)
GO
INSERT [dbo].[tbl_user] ([RegistrationID], [Name], [Mobileno], [EmailID], [Username], [Password], [Gender], [Birthdate], [DateofJoining], [Address], [MotherName], [FatherName], [RoleID], [StudentClassID], [CreatedOn], [IsDleted], [JoiningSessionID], [RegistrationNo], [UpdatedOn], [CreatedBy], [UpdatedBy], [UserStatus], [UserStatusRemarks]) VALUES (10, N'T1', N'8888888888', N'1eac@tec.com', N'tech1', N'tR3Onw5gQLF0r1g5d539oQ==', N'F', CAST(N'2022-10-29T00:00:00.000' AS DateTime), CAST(N'2022-10-29T00:00:00.000' AS DateTime), N'xxx', NULL, NULL, 1, NULL, CAST(N'2022-10-29T00:00:00.000' AS DateTime), 0, 5, NULL, CAST(N'1900-01-01T00:00:00.000' AS DateTime), 0, 0, 0, NULL)
GO
INSERT [dbo].[tbl_user] ([RegistrationID], [Name], [Mobileno], [EmailID], [Username], [Password], [Gender], [Birthdate], [DateofJoining], [Address], [MotherName], [FatherName], [RoleID], [StudentClassID], [CreatedOn], [IsDleted], [JoiningSessionID], [RegistrationNo], [UpdatedOn], [CreatedBy], [UpdatedBy], [UserStatus], [UserStatusRemarks]) VALUES (11, N'T1', N'8888888888', N'1eac@tec.com', N'tech2', N'tR3Onw5gQLF0r1g5d539oQ==', N'F', CAST(N'2022-10-29T00:00:00.000' AS DateTime), CAST(N'2022-10-29T00:00:00.000' AS DateTime), N'xxx', NULL, NULL, 1, NULL, CAST(N'2022-10-29T00:00:00.000' AS DateTime), 0, 5, NULL, CAST(N'1900-01-01T00:00:00.000' AS DateTime), 0, 0, 0, NULL)
GO
INSERT [dbo].[tbl_user] ([RegistrationID], [Name], [Mobileno], [EmailID], [Username], [Password], [Gender], [Birthdate], [DateofJoining], [Address], [MotherName], [FatherName], [RoleID], [StudentClassID], [CreatedOn], [IsDleted], [JoiningSessionID], [RegistrationNo], [UpdatedOn], [CreatedBy], [UpdatedBy], [UserStatus], [UserStatusRemarks]) VALUES (12, N'S1', N'8888888888', N'Sutd@Sud.com', N'Sutdn', N'tR3Onw5gQLF0r1g5d539oQ==', N'F', CAST(N'2022-10-29T00:00:00.000' AS DateTime), CAST(N'2022-10-29T00:00:00.000' AS DateTime), N'xxx', NULL, NULL, 2, 5, CAST(N'2022-10-29T00:00:00.000' AS DateTime), 0, 5, NULL, CAST(N'1900-01-01T00:00:00.000' AS DateTime), 0, 0, 0, NULL)
GO
INSERT [dbo].[tbl_user] ([RegistrationID], [Name], [Mobileno], [EmailID], [Username], [Password], [Gender], [Birthdate], [DateofJoining], [Address], [MotherName], [FatherName], [RoleID], [StudentClassID], [CreatedOn], [IsDleted], [JoiningSessionID], [RegistrationNo], [UpdatedOn], [CreatedBy], [UpdatedBy], [UserStatus], [UserStatusRemarks]) VALUES (13, N'S2', N'8888888888', N'Sutd@Sud.com', N'Sutdn1', N'tR3Onw5gQLF0r1g5d539oQ==', N'F', CAST(N'2022-10-29T00:00:00.000' AS DateTime), CAST(N'2022-10-29T00:00:00.000' AS DateTime), N'xxx', NULL, NULL, 2, 8, CAST(N'2022-10-29T00:00:00.000' AS DateTime), 0, 5, NULL, CAST(N'1900-01-01T00:00:00.000' AS DateTime), 0, 0, 0, NULL)
GO
INSERT [dbo].[tbl_user] ([RegistrationID], [Name], [Mobileno], [EmailID], [Username], [Password], [Gender], [Birthdate], [DateofJoining], [Address], [MotherName], [FatherName], [RoleID], [StudentClassID], [CreatedOn], [IsDleted], [JoiningSessionID], [RegistrationNo], [UpdatedOn], [CreatedBy], [UpdatedBy], [UserStatus], [UserStatusRemarks]) VALUES (14, N'O1', N'8888888888', N'oth@oth.com', N'other', N'tR3Onw5gQLF0r1g5d539oQ==', N'F', CAST(N'2022-10-29T00:00:00.000' AS DateTime), CAST(N'2022-10-29T00:00:00.000' AS DateTime), N'xxx', NULL, NULL, 4, NULL, CAST(N'2022-10-29T00:00:00.000' AS DateTime), 0, 5, NULL, CAST(N'1900-01-01T00:00:00.000' AS DateTime), 0, 0, 0, NULL)
GO
INSERT [dbo].[tbl_user] ([RegistrationID], [Name], [Mobileno], [EmailID], [Username], [Password], [Gender], [Birthdate], [DateofJoining], [Address], [MotherName], [FatherName], [RoleID], [StudentClassID], [CreatedOn], [IsDleted], [JoiningSessionID], [RegistrationNo], [UpdatedOn], [CreatedBy], [UpdatedBy], [UserStatus], [UserStatusRemarks]) VALUES (15, N'fghhmg', N'6575876876', NULL, NULL, N'QJCFUHhwlnZrhsVtxMmc8w==', N'F', CAST(N'1972-11-16T00:00:00.000' AS DateTime), CAST(N'2022-11-02T00:00:00.000' AS DateTime), NULL, N'fhgfhg', N'nvnbvnbv', 2, 1, CAST(N'2022-11-06T07:16:53.387' AS DateTime), 0, 5, N'1001', CAST(N'1900-01-01T00:00:00.000' AS DateTime), 0, 0, 0, NULL)
GO
INSERT [dbo].[tbl_user] ([RegistrationID], [Name], [Mobileno], [EmailID], [Username], [Password], [Gender], [Birthdate], [DateofJoining], [Address], [MotherName], [FatherName], [RoleID], [StudentClassID], [CreatedOn], [IsDleted], [JoiningSessionID], [RegistrationNo], [UpdatedOn], [CreatedBy], [UpdatedBy], [UserStatus], [UserStatusRemarks]) VALUES (16, N'Tiwari', N'8587687687', NULL, N'Tiwari16', N'QJCFUHhwlnZrhsVtxMmc8w==', N'F', CAST(N'2003-11-13T00:00:00.000' AS DateTime), CAST(N'2022-11-02T00:00:00.000' AS DateTime), NULL, N'tiwri', N'tewar', 2, 1, CAST(N'2022-11-06T20:34:47.963' AS DateTime), 0, 5, N'1002', CAST(N'1900-01-01T00:00:00.000' AS DateTime), 0, 0, 0, NULL)
GO
INSERT [dbo].[tbl_user] ([RegistrationID], [Name], [Mobileno], [EmailID], [Username], [Password], [Gender], [Birthdate], [DateofJoining], [Address], [MotherName], [FatherName], [RoleID], [StudentClassID], [CreatedOn], [IsDleted], [JoiningSessionID], [RegistrationNo], [UpdatedOn], [CreatedBy], [UpdatedBy], [UserStatus], [UserStatusRemarks]) VALUES (17, N'aarti', N'4565876879', NULL, N'aarti17', N'QJCFUHhwlnZrhsVtxMmc8w==', N'F', CAST(N'1973-11-16T00:00:00.000' AS DateTime), CAST(N'2022-11-04T00:00:00.000' AS DateTime), NULL, N'maarati', N'aarat', 2, 3, CAST(N'2022-11-07T07:28:45.427' AS DateTime), 0, 5, N'1003', CAST(N'1900-01-01T00:00:00.000' AS DateTime), 0, 0, 0, NULL)
GO
INSERT [dbo].[tbl_user] ([RegistrationID], [Name], [Mobileno], [EmailID], [Username], [Password], [Gender], [Birthdate], [DateofJoining], [Address], [MotherName], [FatherName], [RoleID], [StudentClassID], [CreatedOn], [IsDleted], [JoiningSessionID], [RegistrationNo], [UpdatedOn], [CreatedBy], [UpdatedBy], [UserStatus], [UserStatusRemarks]) VALUES (18, N'aartiy sakar', N'4565876879', NULL, N'aartiy18', N'QJCFUHhwlnZrhsVtxMmc8w==', N'F', CAST(N'1973-11-16T00:00:00.000' AS DateTime), CAST(N'2022-11-04T00:00:00.000' AS DateTime), NULL, N'maarati', N'aarat', 2, 3, CAST(N'2022-11-07T07:29:21.773' AS DateTime), 0, 5, N'1004', CAST(N'1900-01-01T00:00:00.000' AS DateTime), 0, 0, 0, NULL)
GO
INSERT [dbo].[tbl_user] ([RegistrationID], [Name], [Mobileno], [EmailID], [Username], [Password], [Gender], [Birthdate], [DateofJoining], [Address], [MotherName], [FatherName], [RoleID], [StudentClassID], [CreatedOn], [IsDleted], [JoiningSessionID], [RegistrationNo], [UpdatedOn], [CreatedBy], [UpdatedBy], [UserStatus], [UserStatusRemarks]) VALUES (19, N'ghiy sakar', N'4565876879', NULL, N'ghiy19', N'QJCFUHhwlnZrhsVtxMmc8w==', N'F', CAST(N'1973-11-16T00:00:00.000' AS DateTime), CAST(N'2022-11-04T00:00:00.000' AS DateTime), NULL, N'maarati', N'aarat', 2, 3, CAST(N'2022-11-07T07:31:25.490' AS DateTime), 0, 5, N'1005', CAST(N'1900-01-01T00:00:00.000' AS DateTime), 0, 0, 0, NULL)
GO
INSERT [dbo].[tbl_user] ([RegistrationID], [Name], [Mobileno], [EmailID], [Username], [Password], [Gender], [Birthdate], [DateofJoining], [Address], [MotherName], [FatherName], [RoleID], [StudentClassID], [CreatedOn], [IsDleted], [JoiningSessionID], [RegistrationNo], [UpdatedOn], [CreatedBy], [UpdatedBy], [UserStatus], [UserStatusRemarks]) VALUES (20, N'patar', N'6576578769', NULL, N'patar20', N'QJCFUHhwlnZrhsVtxMmc8w==', N'F', CAST(N'1943-11-03T00:00:00.000' AS DateTime), CAST(N'2022-11-02T00:00:00.000' AS DateTime), NULL, N'gjhgjh', N'hgfhgf', 2, 4, CAST(N'2022-11-07T07:53:00.697' AS DateTime), 0, 5, N'1006', CAST(N'1900-01-01T00:00:00.000' AS DateTime), 0, 0, 0, NULL)
GO
INSERT [dbo].[tbl_user] ([RegistrationID], [Name], [Mobileno], [EmailID], [Username], [Password], [Gender], [Birthdate], [DateofJoining], [Address], [MotherName], [FatherName], [RoleID], [StudentClassID], [CreatedOn], [IsDleted], [JoiningSessionID], [RegistrationNo], [UpdatedOn], [CreatedBy], [UpdatedBy], [UserStatus], [UserStatusRemarks]) VALUES (21, N'patar gii', N'6576578769', NULL, N'patar21', N'QJCFUHhwlnZrhsVtxMmc8w==', N'F', CAST(N'1943-11-03T00:00:00.000' AS DateTime), CAST(N'2022-11-02T00:00:00.000' AS DateTime), NULL, N'gjhgjh', N'hgfhgf', 2, 4, CAST(N'2022-11-07T07:58:11.800' AS DateTime), 0, 5, N'1007', CAST(N'1900-01-01T00:00:00.000' AS DateTime), 0, 0, 0, NULL)
GO
INSERT [dbo].[tbl_user] ([RegistrationID], [Name], [Mobileno], [EmailID], [Username], [Password], [Gender], [Birthdate], [DateofJoining], [Address], [MotherName], [FatherName], [RoleID], [StudentClassID], [CreatedOn], [IsDleted], [JoiningSessionID], [RegistrationNo], [UpdatedOn], [CreatedBy], [UpdatedBy], [UserStatus], [UserStatusRemarks]) VALUES (22, N'pataryyy gii', N'6576578769', NULL, N'pataryyy22', N'QJCFUHhwlnZrhsVtxMmc8w==', N'F', CAST(N'1943-11-03T00:00:00.000' AS DateTime), CAST(N'2022-11-02T00:00:00.000' AS DateTime), NULL, N'gjhgjh', N'hgfhgf', 2, 4, CAST(N'2022-11-07T07:58:52.730' AS DateTime), 0, 5, N'1008', CAST(N'1900-01-01T00:00:00.000' AS DateTime), 0, 0, 0, NULL)
GO
INSERT [dbo].[tbl_user] ([RegistrationID], [Name], [Mobileno], [EmailID], [Username], [Password], [Gender], [Birthdate], [DateofJoining], [Address], [MotherName], [FatherName], [RoleID], [StudentClassID], [CreatedOn], [IsDleted], [JoiningSessionID], [RegistrationNo], [UpdatedOn], [CreatedBy], [UpdatedBy], [UserStatus], [UserStatusRemarks]) VALUES (23, N'rrrrrr gii', N'6576578769', NULL, N'rrrrrr23', N'QJCFUHhwlnZrhsVtxMmc8w==', N'F', CAST(N'1943-11-03T00:00:00.000' AS DateTime), CAST(N'2022-11-02T00:00:00.000' AS DateTime), NULL, N'gjhgjh', N'hgfhgf', 2, 4, CAST(N'2022-11-07T08:08:00.250' AS DateTime), 0, 5, N'1009', CAST(N'1900-01-01T00:00:00.000' AS DateTime), 0, 0, 0, NULL)
GO
INSERT [dbo].[tbl_user] ([RegistrationID], [Name], [Mobileno], [EmailID], [Username], [Password], [Gender], [Birthdate], [DateofJoining], [Address], [MotherName], [FatherName], [RoleID], [StudentClassID], [CreatedOn], [IsDleted], [JoiningSessionID], [RegistrationNo], [UpdatedOn], [CreatedBy], [UpdatedBy], [UserStatus], [UserStatusRemarks]) VALUES (24, N'fffffff', N'7657656757', NULL, N'fffffff24', N'QJCFUHhwlnZrhsVtxMmc8w==', N'F', CAST(N'2003-11-12T00:00:00.000' AS DateTime), CAST(N'2022-11-02T00:00:00.000' AS DateTime), NULL, N'bbvnb', N'hgjhg', 2, 2, CAST(N'2022-11-07T19:11:04.737' AS DateTime), 0, 5, N'1010', CAST(N'1900-01-01T00:00:00.000' AS DateTime), 0, 0, 0, NULL)
GO
INSERT [dbo].[tbl_user] ([RegistrationID], [Name], [Mobileno], [EmailID], [Username], [Password], [Gender], [Birthdate], [DateofJoining], [Address], [MotherName], [FatherName], [RoleID], [StudentClassID], [CreatedOn], [IsDleted], [JoiningSessionID], [RegistrationNo], [UpdatedOn], [CreatedBy], [UpdatedBy], [UserStatus], [UserStatusRemarks]) VALUES (25, N'fffffff', N'7657656757', NULL, N'fffffff25', N'QJCFUHhwlnZrhsVtxMmc8w==', N'F', CAST(N'2003-11-12T00:00:00.000' AS DateTime), CAST(N'2022-11-02T00:00:00.000' AS DateTime), NULL, N'bbvnb', N'hgjhg', 2, 2, CAST(N'2022-11-07T19:11:04.737' AS DateTime), 0, 5, N'1011', CAST(N'1900-01-01T00:00:00.000' AS DateTime), 0, 0, 0, NULL)
GO
INSERT [dbo].[tbl_user] ([RegistrationID], [Name], [Mobileno], [EmailID], [Username], [Password], [Gender], [Birthdate], [DateofJoining], [Address], [MotherName], [FatherName], [RoleID], [StudentClassID], [CreatedOn], [IsDleted], [JoiningSessionID], [RegistrationNo], [UpdatedOn], [CreatedBy], [UpdatedBy], [UserStatus], [UserStatusRemarks]) VALUES (26, N'fffffff', N'7657656757', NULL, N'fffffff26', N'QJCFUHhwlnZrhsVtxMmc8w==', N'F', CAST(N'2003-11-12T00:00:00.000' AS DateTime), CAST(N'2022-11-02T00:00:00.000' AS DateTime), NULL, N'bbvnb', N'hgjhg', 2, 2, CAST(N'2022-11-07T19:15:19.010' AS DateTime), 0, 5, N'1012', CAST(N'1900-01-01T00:00:00.000' AS DateTime), 0, 0, 0, NULL)
GO
INSERT [dbo].[tbl_user] ([RegistrationID], [Name], [Mobileno], [EmailID], [Username], [Password], [Gender], [Birthdate], [DateofJoining], [Address], [MotherName], [FatherName], [RoleID], [StudentClassID], [CreatedOn], [IsDleted], [JoiningSessionID], [RegistrationNo], [UpdatedOn], [CreatedBy], [UpdatedBy], [UserStatus], [UserStatusRemarks]) VALUES (27, N'name', N'3243243242', NULL, N'name27', N'QJCFUHhwlnZrhsVtxMmc8w==', N'F', CAST(N'2003-11-04T00:00:00.000' AS DateTime), CAST(N'2022-11-01T00:00:00.000' AS DateTime), NULL, N'fhghghggg', N'nbnbnbn', 2, 3, CAST(N'2022-11-07T19:20:23.680' AS DateTime), 0, 5, N'1013', CAST(N'1900-01-01T00:00:00.000' AS DateTime), 0, 0, 0, NULL)
GO
INSERT [dbo].[tbl_user] ([RegistrationID], [Name], [Mobileno], [EmailID], [Username], [Password], [Gender], [Birthdate], [DateofJoining], [Address], [MotherName], [FatherName], [RoleID], [StudentClassID], [CreatedOn], [IsDleted], [JoiningSessionID], [RegistrationNo], [UpdatedOn], [CreatedBy], [UpdatedBy], [UserStatus], [UserStatusRemarks]) VALUES (28, N'gffyf', N'3212354678', NULL, N'gffyf28', N'QJCFUHhwlnZrhsVtxMmc8w==', N'F', CAST(N'1951-11-02T00:00:00.000' AS DateTime), CAST(N'2022-11-03T00:00:00.000' AS DateTime), NULL, N'hgjhgj', N'ghb mnbn', 2, 3, CAST(N'2022-11-07T19:35:39.773' AS DateTime), 0, 5, N'1014', CAST(N'1900-01-01T00:00:00.000' AS DateTime), 0, 0, 0, NULL)
GO
INSERT [dbo].[tbl_user] ([RegistrationID], [Name], [Mobileno], [EmailID], [Username], [Password], [Gender], [Birthdate], [DateofJoining], [Address], [MotherName], [FatherName], [RoleID], [StudentClassID], [CreatedOn], [IsDleted], [JoiningSessionID], [RegistrationNo], [UpdatedOn], [CreatedBy], [UpdatedBy], [UserStatus], [UserStatusRemarks]) VALUES (29, N'gffyf', N'3212354678', NULL, N'gffyf29', N'QJCFUHhwlnZrhsVtxMmc8w==', N'F', CAST(N'1951-11-02T00:00:00.000' AS DateTime), CAST(N'2022-11-03T00:00:00.000' AS DateTime), NULL, N'hgjhgj', N'ghb mnbn', 2, 3, CAST(N'2022-11-07T19:37:09.157' AS DateTime), 0, 5, N'1015', CAST(N'1900-01-01T00:00:00.000' AS DateTime), 0, 0, 0, NULL)
GO
INSERT [dbo].[tbl_user] ([RegistrationID], [Name], [Mobileno], [EmailID], [Username], [Password], [Gender], [Birthdate], [DateofJoining], [Address], [MotherName], [FatherName], [RoleID], [StudentClassID], [CreatedOn], [IsDleted], [JoiningSessionID], [RegistrationNo], [UpdatedOn], [CreatedBy], [UpdatedBy], [UserStatus], [UserStatusRemarks]) VALUES (30, N'gffyf', N'3212354678', NULL, N'gffyf30', N'QJCFUHhwlnZrhsVtxMmc8w==', N'F', CAST(N'1951-11-02T00:00:00.000' AS DateTime), CAST(N'2022-11-03T00:00:00.000' AS DateTime), NULL, N'hgjhgj', N'ghb mnbn', 2, 3, CAST(N'2022-11-07T19:37:26.957' AS DateTime), 0, 5, N'1016', CAST(N'1900-01-01T00:00:00.000' AS DateTime), 0, 0, 0, NULL)
GO
INSERT [dbo].[tbl_user] ([RegistrationID], [Name], [Mobileno], [EmailID], [Username], [Password], [Gender], [Birthdate], [DateofJoining], [Address], [MotherName], [FatherName], [RoleID], [StudentClassID], [CreatedOn], [IsDleted], [JoiningSessionID], [RegistrationNo], [UpdatedOn], [CreatedBy], [UpdatedBy], [UserStatus], [UserStatusRemarks]) VALUES (31, N'set get', N'0980980980', NULL, N'set31', N'QJCFUHhwlnZrhsVtxMmc8w==', N'F', CAST(N'2003-11-05T00:00:00.000' AS DateTime), CAST(N'2022-11-02T00:00:00.000' AS DateTime), NULL, N'hgfhfgf', N'fhgfhfyfyty', 2, 5, CAST(N'2022-11-07T19:44:32.483' AS DateTime), 0, 5, N'1017', CAST(N'1900-01-01T00:00:00.000' AS DateTime), 0, 0, 0, NULL)
GO
SET IDENTITY_INSERT [dbo].[tbl_user] OFF
GO
SET IDENTITY_INSERT [dbo].[Tbl_UserDocument] ON 
GO
INSERT [dbo].[Tbl_UserDocument] ([DocumentID], [DocumentPath], [DocumentName], [UserID], [DocumentType], [IsDeleted], [CreatedOn]) VALUES (1, N'/ImageUser/undefined\DSC_0108.JPG', N'DSC_0108.JPG', 12, 1, 0, CAST(N'2022-10-30T23:38:55.840' AS DateTime))
GO
INSERT [dbo].[Tbl_UserDocument] ([DocumentID], [DocumentPath], [DocumentName], [UserID], [DocumentType], [IsDeleted], [CreatedOn]) VALUES (2, N'/ImageUser/undefined\DSC_0108.JPG', N'DSC_0108.JPG', 13, 1, 1, CAST(N'2022-11-02T21:47:08.340' AS DateTime))
GO
SET IDENTITY_INSERT [dbo].[Tbl_UserDocument] OFF
GO
ALTER TABLE [dbo].[SessionExam] ADD  DEFAULT ('1900-01-01T00:00:00.000') FOR [CreatedOn]
GO
ALTER TABLE [dbo].[SessionExam] ADD  DEFAULT ((0)) FOR [CreatedBy]
GO
ALTER TABLE [dbo].[SessionExam] ADD  DEFAULT ((0)) FOR [UpdatedBy]
GO
ALTER TABLE [dbo].[Tbl_StudentSessionDetails] ADD  DEFAULT ((0)) FOR [RollNo]
GO
ALTER TABLE [dbo].[Tbl_StudentSessionDetails] ADD  DEFAULT ((0)) FOR [IsDeleted]
GO
ALTER TABLE [dbo].[tbl_user] ADD  DEFAULT ('1900-01-01T00:00:00.000') FOR [UpdatedOn]
GO
ALTER TABLE [dbo].[tbl_user] ADD  DEFAULT ((0)) FOR [CreatedBy]
GO
ALTER TABLE [dbo].[tbl_user] ADD  DEFAULT ((0)) FOR [UpdatedBy]
GO
ALTER TABLE [dbo].[tbl_user] ADD  DEFAULT ((0)) FOR [UserStatus]
GO
/****** Object:  StoredProcedure [dbo].[Usp_DeleteStudentSession]    Script Date: 25-11-2022 12:15:42 ******/
SET ANSI_NULLS ON
GO
SET QUOTED_IDENTIFIER ON
GO

CREATE proc [dbo].[Usp_DeleteStudentSession]
@RegistrationID int
as
begin
Update Tbl_StudentSessionDetails set IsDeleted=1 where RegistrationID=@RegistrationID
end
GO
/****** Object:  StoredProcedure [dbo].[Usp_GetAllCount]    Script Date: 25-11-2022 12:15:42 ******/
SET ANSI_NULLS ON
GO
SET QUOTED_IDENTIFIER ON
GO
CREATE proc [dbo].[Usp_GetAllCount]
as
begin
select userAcc.*,Rolename from (
Select RoleID,Count (*) as CountCase FROM tbl_user
group by RoleID
) userAcc
inner join Roles roles on userAcc.RoleID=roles.RoleID
end
GO
/****** Object:  StoredProcedure [dbo].[Usp_GetCurrentStudentExamPerformance]    Script Date: 25-11-2022 12:15:42 ******/
SET ANSI_NULLS ON
GO
SET QUOTED_IDENTIFIER ON
GO
CREATE proc [dbo].[Usp_GetCurrentStudentExamPerformance]--Usp_GetCurrentStudentExamPerformance 5,''
@SessionID int,
@search varchar(50),
@ExamType int,
@studentClass int,
@subject int
as
begin
declare @SessionText varchar(10)=null
IF(ISNULL(@search,'')='')
 set @search=''
Select top 1 @SessionText=Text from DropDown where value=@SessionID and Category='session'

select tu.Name as StudentName,gb.*,convert(decimal(5,2),((marksAcquired*100)/convert(float,TotalMarks))) as Percentage from(
select RegistrationID,SessionName,classname,sum(MarksAcquired) as marksAcquired,sum(TotalMarks) TotalMarks from (
select sep.RegistrationID,SessionName,classname,marksAcquired,se.TotalMarks
from StudentExamPerformance sep
left join SessionExam se on sep.SessionExamID=se.ID 
where SessionName=@SessionText and se.ExamTypeID=case when @ExamType=0 then se.ExamTypeID else @ExamType end
and se.ClassID=case when @studentClass=0 then se.ClassID else @studentClass end
and se.SubjectID=case when @subject=0 then se.SubjectID else @subject end) actualData
group by SessionName,classname,RegistrationID) gb
inner join tbl_user tu on gb.RegistrationID=tu.RegistrationID
where (tu.Name LIKE '%' + @search + '%')

end
GO
/****** Object:  StoredProcedure [dbo].[Usp_GetDocuments]    Script Date: 25-11-2022 12:15:42 ******/
SET ANSI_NULLS ON
GO
SET QUOTED_IDENTIFIER ON
GO
CREATE proc [dbo].[Usp_GetDocuments]
@UserID int,
@Category Varchar(20)
as
begin
Select DropDown.Text as DocumentTypeName,DocumentName,DocumentPath,DocumentID  FROM Tbl_UserDocument ud
inner join DropDown on DropDown.Category=@Category and ud.DocumentType=DropDown.Value
where UserID=@UserID and IsDeleted=0
end
GO
/****** Object:  StoredProcedure [dbo].[Usp_GetExamPerformance]    Script Date: 25-11-2022 12:15:42 ******/
SET ANSI_NULLS ON
GO
SET QUOTED_IDENTIFIER ON
GO
CREATE proc [dbo].[Usp_GetExamPerformance]--Usp_GetExamPerformance 1,5,3,5
@examTypeID int,
@StudentClassID int,
@SubjectID int,
@currentSession int,
@Search varchar(50)
as
begin
declare @SessionExamID int=null
IF(ISNULL(@Search,'')='')
 set @Search=''
Select top 1 @SessionExamID=ID from SessionExam where SessionID=@currentSession and ClassID=@StudentClassID and ExamTypeID=@examTypeID and SubjectID=@SubjectID
--set @SessionExamID=ISNULL(@SessionExamID,0)
select sep.ID,ssd.RegistrationID,ssd.Name as StudentName,ISNULL(MarksAcquired,0) as MarksAcquired from Tbl_StudentSessionDetails ssd
left join SessionExam se on ssd.SessionID=se.SessionID  and ssd.ClassID=se.ClassID
left join StudentExamPerformance sep on ssd.RegistrationID=sep.RegistrationID and se.ID=sep.SessionExamID
where ssd.SessionID=@currentSession and IsDeleted=0 and se.ID=@SessionExamID 
and (ssd.Name LIKE '%' + @Search + '%')

end
GO
/****** Object:  StoredProcedure [dbo].[Usp_InsertStudentInfo]    Script Date: 25-11-2022 12:15:42 ******/
SET ANSI_NULLS ON
GO
SET QUOTED_IDENTIFIER ON
GO
CREATE proc [dbo].[Usp_InsertStudentInfo] --Usp_InsertStudentInfo 0,'hh','jj','M',getdate(),getdate(),getdate(),'kk','hh','jj','M','add',2,0,1,0
@ID int,
@Name Varchar(100),
@Password Varchar(50),
@Gender Varchar(10),
@CreatedOn datetime=null,
@DateofJoining datetime=null,
@Birthdate datetime=null,
@EmailID Varchar(50)=null,
@FatherName Varchar(100)=null,
@MotherName Varchar(100)=null,
@Mobileno Varchar(12)=null,
@Address Varchar(100)=null,
@RoleID int=2,
@IsDleted bit=0,
@StudentClassID int = 1
as
begin
declare @joiningSession int=(select Value from DropDown where Category='Session' and @DateofJoining between StartDate and EndDate),
@maxRegistrationNo int=(Select max(RegistrationNo) from tbl_user),
@RegistrationNo int, @username varchar(100), @currentSession int,@RegistrationID int
if(isnull(@ID,0)=0)
begin
	if(@maxRegistrationNo is null or @maxRegistrationNo<0)
	begin
		set @RegistrationNo=1001
		end
	else 
	begin
		set @RegistrationNo=@maxRegistrationNo+1
		end
	set @currentSession =(select Value from DropDown where Category='Session' and GETDATE() between StartDate and EndDate)
	insert into tbl_user(Name,Mobileno,EmailID,Password,Gender,Birthdate,DateofJoining,Address,MotherName,FatherName
	,RoleID,StudentClassID,CreatedOn,IsDleted,JoiningSessionID,RegistrationNo)
	values (@Name,@Mobileno,@EmailID,@Password,@Gender,@Birthdate,@DateofJoining,@Address,@MotherName,@FatherName,@RoleID,
	@StudentClassID,@CreatedOn,@IsDleted,@joiningSession,@RegistrationNo)
	SET @RegistrationID = SCOPE_IDENTITY()
	set @username=(select case when (CHARINDEX(' ', Name))=0 then Name else SUBSTRING(Name, 1, CHARINDEX(' ', Name) - 1) end from tbl_user where RegistrationID=@RegistrationID)
	update tbl_user set username=CONCAT(@username, @RegistrationID) where RegistrationID=@RegistrationID
	if(@joiningSession=@currentSession)
	begin
	--updatedBy field pending
		insert into Tbl_StudentSessionDetails(RegistrationID,Name,SessionID,ClassID,IsBackDateUpdation,CreatedDate,IsDeleted,PromotionStatus)
		values(@RegistrationID,@Name,@joiningSession,@StudentClassID,0,GETDATE(),0,2)
	end
	
end
else
begin
	update tbl_user set
	Name=@Name,Mobileno=@Mobileno,EmailID=@EmailID,Password=@Password,Gender=@Gender,Birthdate=@Birthdate,Address=@Address,
	MotherName=@MotherName,FatherName=@FatherName,RoleID=@RoleID,StudentClassID=@StudentClassID,IsDleted=@IsDleted
	where RegistrationID=@ID
	if(@RoleID<>2)
	 update tbl_user set
		DateofJoining=@DateofJoining,JoiningSessionID=@joiningSession
		where RegistrationID=@ID
end
select @RegistrationID
end
GO
/****** Object:  StoredProcedure [dbo].[Usp_SetDefaultMarksZero]    Script Date: 25-11-2022 12:15:42 ******/
SET ANSI_NULLS ON
GO
SET QUOTED_IDENTIFIER ON
GO
CREATE proc [dbo].[Usp_SetDefaultMarksZero]--Usp_SetDefaultMarksZero 5,''
@SessionExamID int,
@createdBy int=0
as
begin
INSERT INTO StudentExamPerformance (SessionExamID,RegistrationID,StudentName,MarksAcquired,MarksAcquiredOnCreation,CreatedOn,UpdatedOn,CreatedBy,UpdatedBy,TotalMarks)
select se.ID,ssd.RegistrationID,ssd.Name as StudentName,ISNULL(MarksAcquired,0) as MarksAcquired,ISNULL(MarksAcquired,0) as MarksAcquiredOnCreation,
GETDATE() CreatedOn, GETDATE () UpdatedOn,@createdBy,0,0
from Tbl_StudentSessionDetails ssd
left join SessionExam se on ssd.SessionID=se.SessionID  and ssd.ClassID=se.ClassID
left join StudentExamPerformance sep on ssd.RegistrationID=sep.RegistrationID and se.ID=sep.SessionExamID
where se.ID is not null and sep.ID is null
and se.ID=case when @SessionExamID=0 then se.ID else @SessionExamID end

end
GO
USE [master]
GO
ALTER DATABASE [SchoolDB] SET  READ_WRITE 
GO
